binary,case,sample,instructions,cycles
zjs,ctrl,1,16412556123,2889363460
zjs,empty,1,2447773,2028034
zjs,A_direct_call,1,12908672630,2205447713
zjs,A2_direct_call_ret,1,11758094848,2051064327
zjs,F_simple_ctor,1,10216641169,1572815829
zjs,L0_ctor_noprops,1,6655920558,1218745258
zjs,L3_ctor_threeprops,1,12147125581,1835040694
zjs,L4_generic_ctor,1,15868776108,2495667108
zjs,W0_fresh_object,1,3478886924,567640388
zjs,W1_newprop_writes,1,12096566262,1670127752
zjs,H1_prop_read,1,7166480472,1223638101
zjs,M1_proto_data_read,1,7886785825,1388358194
qjs,ctrl,1,20412046766,3714916702
qjs,empty,1,2278748,1562194
qjs,A_direct_call,1,11767087664,1788326010
qjs,A2_direct_call_ret,1,11182015945,1817015805
qjs,F_simple_ctor,1,9631655948,1623313935
qjs,L0_ctor_noprops,1,4914615599,782935135
qjs,L3_ctor_threeprops,1,12242505849,2049480359
qjs,L4_generic_ctor,1,12487536887,2072150043
qjs,W0_fresh_object,1,3661686524,585459473
qjs,W1_newprop_writes,1,11009416671,1677620061
qjs,H1_prop_read,1,8846547150,1571935411
qjs,M1_proto_data_read,1,9246729163,1705331892
qjs,ctrl,2,20411804557,3704792155
qjs,empty,2,2281621,1463361
qjs,A_direct_call,2,11767008406,1782584938
qjs,A2_direct_call_ret,2,11182032951,1820297456
qjs,F_simple_ctor,2,9656499160,1626692269
qjs,L0_ctor_noprops,2,4914523940,779933238
qjs,L3_ctor_threeprops,2,12262565633,2050187107
qjs,L4_generic_ctor,2,12532820840,2097818108
qjs,W0_fresh_object,2,3661793748,578192996
qjs,W1_newprop_writes,2,11009438225,1681090148
qjs,H1_prop_read,2,8846579630,1568723168
qjs,M1_proto_data_read,2,9246896373,1705336030
zjs,ctrl,2,16412764881,2882766974
zjs,empty,2,2448291,1981600
zjs,A_direct_call,2,12908918450,2207788754
zjs,A2_direct_call_ret,2,11758175914,2047281247
zjs,F_simple_ctor,2,10241581175,1576294496
zjs,L0_ctor_noprops,2,6656036929,1214265813
zjs,L3_ctor_threeprops,2,12127242508,1840168143
zjs,L4_generic_ctor,2,15868777236,2496185279
zjs,W0_fresh_object,2,3478865533,565969426
zjs,W1_newprop_writes,2,12091563064,1672689811
zjs,H1_prop_read,2,7166245459,1226140606
zjs,M1_proto_data_read,2,7886793208,1381135050
zjs,ctrl,3,16412670186,2890785836
zjs,empty,3,2461898,1798537
zjs,A_direct_call,3,12908766815,2211405920
zjs,A2_direct_call_ret,3,11758129141,2052321015
zjs,F_simple_ctor,3,10266686547,1582294999
zjs,L0_ctor_noprops,3,6656048213,1217358433
zjs,L3_ctor_threeprops,3,12102285692,1832661380
zjs,L4_generic_ctor,3,15933809093,2504165848
zjs,W0_fresh_object,3,3478819763,565039166
zjs,W1_newprop_writes,3,12056530284,1672612876
zjs,H1_prop_read,3,7166318982,1216514941
zjs,M1_proto_data_read,3,7886726671,1374891018
qjs,ctrl,3,20411846597,3697471458
qjs,empty,3,2289400,1583573
qjs,A_direct_call,3,11767032471,1782750088
qjs,A2_direct_call_ret,3,11182090443,1827188030
qjs,F_simple_ctor,3,9611568243,1613240468
qjs,L0_ctor_noprops,3,4914531927,780253086
qjs,L3_ctor_threeprops,3,12222687199,2060970761
qjs,L4_generic_ctor,3,12467615192,2067023621
qjs,W0_fresh_object,3,3661737781,582291529
qjs,W1_newprop_writes,3,11054380149,1688295480
qjs,H1_prop_read,3,8846422894,1558261947
qjs,M1_proto_data_read,3,9247023573,1709321320
qjs,ctrl,4,20412051851,3723315980
qjs,empty,4,2283626,1490894
qjs,A_direct_call,4,11766952901,1785133857
qjs,A2_direct_call_ret,4,11182127365,1819649951
qjs,F_simple_ctor,4,9611626393,1613212976
qjs,L0_ctor_noprops,4,4914592708,785579642
qjs,L3_ctor_threeprops,4,12222549531,2057347851
qjs,L4_generic_ctor,4,12487696995,2071039997
qjs,W0_fresh_object,4,3661781752,577933201
qjs,W1_newprop_writes,4,10989332382,1673762446
qjs,H1_prop_read,4,8846526317,1568517929
qjs,M1_proto_data_read,4,9246923852,1711099676
zjs,ctrl,4,16412687482,2893901278
zjs,empty,4,2433289,1747980
zjs,A_direct_call,4,12908639545,2205047767
zjs,A2_direct_call_ret,4,11758118738,2047712874
zjs,F_simple_ctor,4,10316616154,1595012878
zjs,L0_ctor_noprops,4,6656042724,1220430317
zjs,L3_ctor_threeprops,4,12147360784,1837946112
zjs,L4_generic_ctor,4,15868841234,2495048477
zjs,W0_fresh_object,4,3478912471,564441478
zjs,W1_newprop_writes,4,12166572085,1679876223
zjs,H1_prop_read,4,7166410398,1216544035
zjs,M1_proto_data_read,4,7886764264,1380079215
zjs,ctrl,5,16412643690,2886836750
zjs,empty,5,2432250,1708799
zjs,A_direct_call,5,12908535184,2207872065
zjs,A2_direct_call_ret,5,11758139425,2047759623
zjs,F_simple_ctor,5,10266573702,1581248475
zjs,L0_ctor_noprops,5,6655975473,1212454483
zjs,L3_ctor_threeprops,5,12077286684,1825929251
zjs,L4_generic_ctor,5,15868895560,2492513975
zjs,W0_fresh_object,5,3478886823,565469343
zjs,W1_newprop_writes,5,12031421058,1659893667
zjs,H1_prop_read,5,7166299941,1217536618
zjs,M1_proto_data_read,5,7886756026,1379372439
qjs,ctrl,5,20412013311,3698527930
qjs,empty,5,2290372,1514593
qjs,A_direct_call,5,11767047390,1786595204
qjs,A2_direct_call_ret,5,11182063111,1821667101
qjs,F_simple_ctor,5,9631619128,1617980224
qjs,L0_ctor_noprops,5,4914521421,788341266
qjs,L3_ctor_threeprops,5,12222645171,2074492962
qjs,L4_generic_ctor,5,12552600591,2095789353
qjs,W0_fresh_object,5,3661609673,581614592
qjs,W1_newprop_writes,5,11009535159,1691494784
qjs,H1_prop_read,5,8846605282,1568431746
qjs,M1_proto_data_read,5,9246929160,1707860763
qjs,ctrl,6,20412025430,3718215400
qjs,empty,6,2293758,1462676
qjs,A_direct_call,6,11767005706,1784369665
qjs,A2_direct_call_ret,6,11182101592,1828417645
qjs,F_simple_ctor,6,9611529371,1612816212
qjs,L0_ctor_noprops,6,4914592068,783403971
qjs,L3_ctor_threeprops,6,12242554136,2046321409
qjs,L4_generic_ctor,6,12512652757,2076412956
qjs,W0_fresh_object,6,3661839389,580756494
qjs,W1_newprop_writes,6,11029423887,1695327854
qjs,H1_prop_read,6,8846529180,1580162696
qjs,M1_proto_data_read,6,9246726226,1704973641
zjs,ctrl,6,16412728212,2892786987
zjs,empty,6,2430507,2016881
zjs,A_direct_call,6,12908518979,2207137765
zjs,A2_direct_call_ret,6,11758154172,2052249999
zjs,F_simple_ctor,6,10241497680,1597862813
zjs,L0_ctor_noprops,6,6656045287,1214272505
zjs,L3_ctor_threeprops,6,12077342942,1833941331
zjs,L4_generic_ctor,6,15868899872,2495360404
zjs,W0_fresh_object,6,3478890395,568996092
zjs,W1_newprop_writes,6,12116612881,1674864652
zjs,H1_prop_read,6,7166386554,1220941288
zjs,M1_proto_data_read,6,7886786180,1384427881
zjs,ctrl,7,16412703760,2891299847
zjs,empty,7,2477656,1816754
zjs,A_direct_call,7,12908670852,2203298544
zjs,A2_direct_call_ret,7,11758174479,2050673664
zjs,F_simple_ctor,7,10241721833,1575411482
zjs,L0_ctor_noprops,7,6656112762,1215580907
zjs,L3_ctor_threeprops,7,12172411832,1844480481
zjs,L4_generic_ctor,7,15928942284,2503912555
zjs,W0_fresh_object,7,3478923182,567854376
zjs,W1_newprop_writes,7,12031534656,1661793294
zjs,H1_prop_read,7,7166321404,1221387150
zjs,M1_proto_data_read,7,7886737375,1381645780
qjs,ctrl,7,20412091809,3723667127
qjs,empty,7,2292150,1585500
qjs,A_direct_call,7,11767050212,1783039371
qjs,A2_direct_call_ret,7,11182089166,1820286797
qjs,F_simple_ctor,7,9631558419,1626321420
qjs,L0_ctor_noprops,7,4914623180,781938204
qjs,L3_ctor_threeprops,7,12222570636,2040393319
qjs,L4_generic_ctor,7,12532637127,2091986768
qjs,W0_fresh_object,7,3661678439,579891118
qjs,W1_newprop_writes,7,11034442385,1695384877
qjs,H1_prop_read,7,8846570980,1563211483
qjs,M1_proto_data_read,7,9246804700,1710800731
qjs,ctrl,8,20411974670,3722792676
qjs,empty,8,2289133,1551141
qjs,A_direct_call,8,11767110514,1787731377
qjs,A2_direct_call_ret,8,11182103728,1821455706
qjs,F_simple_ctor,8,9631554142,1618374409
qjs,L0_ctor_noprops,8,4914560745,780642173
qjs,L3_ctor_threeprops,8,12222706259,2068697165
qjs,L4_generic_ctor,8,12532745285,2084506859
qjs,W0_fresh_object,8,3661803765,584501595
qjs,W1_newprop_writes,8,11029416973,1696420101
qjs,H1_prop_read,8,8846504153,1560395058
qjs,M1_proto_data_read,8,9246797070,1713810968
zjs,ctrl,8,16412708699,2891671170
zjs,empty,8,2441141,1904438
zjs,A_direct_call,8,12908720551,2246850507
zjs,A2_direct_call_ret,8,11758113865,2051422867
zjs,F_simple_ctor,8,10291718424,1589285719
zjs,L0_ctor_noprops,8,6655997253,1213018116
zjs,L3_ctor_threeprops,8,12147205761,1833176800
zjs,L4_generic_ctor,8,15928867136,2503941399
zjs,W0_fresh_object,8,3478930532,568665504
zjs,W1_newprop_writes,8,12116664482,1674773828
zjs,H1_prop_read,8,7166329080,1218880744
zjs,M1_proto_data_read,8,7886794588,1383201527
