binary,case,sample,instructions,cycles,task_clock_ns
zjs,empty,1,2454227,2199255,567152
zjs,ctrl,1,18212650713,3056949115,783886160
zjs,A_direct_call,1,13118107318,2190002624,561580560
zjs,A2_direct_call_ret,1,12057682373,2057942347,527717360
zjs,B_method_call,1,12958153914,2263968148,580545344
zjs,C_apply_array_literal,1,13190178525,2415511265,619409344
zjs,C2_apply_array_hoisted,1,13040334215,2451761816,628702864
zjs,D_apply_arguments,1,13273432134,2484551000,637111808
zjs,E0_arguments_zeroarg,1,8285752791,1321268841,338848064
zjs,E1_arguments_length,1,13127619936,2180009809,559037072
zjs,E2_arguments_index,1,14223589525,2381568587,610725984
zjs,E4_arguments_fourarg,1,17560135509,2998703605,768952144
zjs,F_simple_ctor,1,11557101749,1748459690,448352784
zjs,G_raytrace_ctor,1,15331885027,2951959664,756960464
zjs,H1_prop_read,1,8166484884,1282223677,328799648
zjs,H2_prop_write,1,10447406457,1556001437,399002864
zjs,I_proto_method,1,9199295937,1774252901,454967472
zjs,J_instanceof,1,14454927654,2763552038,708648080
zjs,K1_length_array,1,8446860702,1407499429,360929760
zjs,K2_length_plain,1,9167187089,1564754931,401249008
zjs,L0_ctor_noprops,1,8796891810,1583351413,406016128
zjs,L3_ctor_threeprops,1,13932906251,2092652882,536616736
zjs,M1_proto_data_read,1,8926974742,1437996916,368744688
zjs,L3p_ctor_shadowing,1,26203036059,4271396069,1095301856
zjs,M2_chain_read,1,3885328862,930466446,238599600
zjs,M3_poly_read,1,12689066712,2158866868,553595440
zjs,L4_generic_ctor,1,25992658065,4150347632,1064263728
zjs,L4p_generic_ctor_shadowing,1,25752725225,4111590424,1054325760
qjs,empty,1,2287419,1523604,392624
qjs,ctrl,1,20411940871,3705259030,950128560
qjs,A_direct_call,1,11767060804,1787096299,458262464
qjs,A2_direct_call_ret,1,11182136298,1817930120,466169936
qjs,B_method_call,1,11332295465,1890793951,484852736
qjs,C_apply_array_literal,1,10248459207,1628483161,417590112
qjs,C2_apply_array_hoisted,1,9834487463,1582645164,405836848
qjs,D_apply_arguments,1,8213853588,1511083670,387488912
qjs,E0_arguments_zeroarg,1,5285002210,952008813,244139024
qjs,E1_arguments_length,1,8066125366,1459424242,374240272
qjs,E2_arguments_index,1,8231243491,1477325994,378831104
qjs,E4_arguments_fourarg,1,10212039471,1827141917,468532032
qjs,F_simple_ctor,1,9611601951,1614059310,413894048
qjs,G_raytrace_ctor,1,8096344550,1454128345,372882544
qjs,H1_prop_read,1,8846493742,1559924039,400008480
qjs,H2_prop_write,1,11046914527,1723096869,441851776
qjs,I_proto_method,1,7086487433,1576714675,404314240
qjs,J_instanceof,1,9816513648,1547778274,396897248
qjs,K1_length_array,1,8846549735,1569885328,402564448
qjs,K2_length_plain,1,8846545116,1566612367,401723888
qjs,L0_ctor_noprops,1,4914588482,779584215,199910592
qjs,L3_ctor_threeprops,1,12222707675,2075087019,532110240
qjs,M1_proto_data_read,1,9247062467,1707931372,437961808
qjs,L3p_ctor_shadowing,1,12242786052,2005571765,514284736
qjs,M2_chain_read,1,4025571421,1123321377,288053632
qjs,M3_poly_read,1,13928949786,2488825283,638203600
qjs,L4_generic_ctor,1,12507721492,2080402875,533473888
qjs,L4p_generic_ctor_shadowing,1,12437654676,2034586509,521725792
qjs,L4p_generic_ctor_shadowing,2,12417703826,2013836535,516406944
qjs,L4_generic_ctor,2,12507750907,2080579514,533519808
qjs,M3_poly_read,2,13928986963,2499149718,640854544
qjs,M2_chain_read,2,4025301514,1045246486,268032800
qjs,L3p_ctor_shadowing,2,12222629221,2002996920,513625936
qjs,M1_proto_data_read,2,9247202789,1819984215,466695136
qjs,L3_ctor_threeprops,2,12222734792,2038514529,522733968
qjs,L0_ctor_noprops,2,4914640023,782506816,200660704
qjs,K2_length_plain,2,8846475960,1567256178,401889104
qjs,K1_length_array,2,8846472415,1569924849,402574688
qjs,J_instanceof,2,9816500016,1550931670,397703088
qjs,I_proto_method,2,7086483195,1551175214,397765696
qjs,H2_prop_write,2,11046990170,1747672048,448152752
qjs,H1_prop_read,2,8846545256,1559279504,399845120
qjs,G_raytrace_ctor,2,8070390013,1447767318,371252912
qjs,F_simple_ctor,2,9631591859,1625608263,416852864
qjs,E4_arguments_fourarg,2,10212130101,1827598347,468648512
qjs,E2_arguments_index,2,8231314281,1488258801,381634784
qjs,E1_arguments_length,2,8066189648,1457566524,373764672
qjs,E0_arguments_zeroarg,2,5284979339,948087507,243121376
qjs,D_apply_arguments,2,8213846328,1506098280,386208016
qjs,C2_apply_array_hoisted,2,9834622978,1582851360,405893808
qjs,C_apply_array_literal,2,10248620827,1635364436,419359440
qjs,B_method_call,2,11332332221,1891264172,484975280
qjs,A2_direct_call_ret,2,11182185179,1820998325,466955840
qjs,A_direct_call,2,11766956364,1783219757,457268016
qjs,ctrl,2,20412077992,3713055446,952128352
qjs,empty,2,2286760,1377803,355088
zjs,L4p_generic_ctor_shadowing,2,25752871015,4099929617,1051337408
zjs,L4_generic_ctor,2,25947961811,4130963640,1059293696
zjs,M3_poly_read,2,12689357672,2149034918,551080352
zjs,M2_chain_read,2,3885387146,930831896,238694688
zjs,L3p_ctor_shadowing,2,26133067325,4257788755,1091817184
zjs,M1_proto_data_read,2,8927014510,1440313733,369340336
zjs,L3_ctor_threeprops,2,13932904650,2093680596,536879648
zjs,L0_ctor_noprops,2,8796906475,1587160042,406994144
zjs,K2_length_plain,2,9167199911,1566220191,401635696
zjs,K1_length_array,2,8446949825,1418689931,363799088
zjs,J_instanceof,2,14455038188,2764816270,708976528
zjs,I_proto_method,2,9199405144,1773025678,454656816
zjs,H2_prop_write,2,10447638695,1554278201,398562624
zjs,H1_prop_read,2,8166520639,1280182991,328278656
zjs,G_raytrace_ctor,2,15332056436,2960829393,759240496
zjs,F_simple_ctor,2,11602122463,1757578332,450696672
zjs,E4_arguments_fourarg,2,17560196855,3008666196,771506448
zjs,E2_arguments_index,2,14223670610,2385677973,611756464
zjs,E1_arguments_length,2,13128295135,2158603119,553529696
zjs,E0_arguments_zeroarg,2,8286154788,1324580530,339662688
zjs,D_apply_arguments,2,13273777093,2456611816,629946608
zjs,C2_apply_array_hoisted,2,13040776291,2452948886,629004912
zjs,C_apply_array_literal,2,13190777121,2415325199,619359584
zjs,B_method_call,2,12958573162,2253228477,577792896
zjs,A2_direct_call_ret,2,12058233152,2058755948,527924752
zjs,A_direct_call,2,13118587052,2191204012,561888464
zjs,ctrl,2,18213189271,3062510466,785311952
zjs,empty,2,2458381,1836316,475856
zjs,empty,3,2450896,1625570,419312
zjs,ctrl,3,18213235043,3054753400,783325472
zjs,A_direct_call,3,13118521546,2195992617,563116208
zjs,A2_direct_call_ret,3,12058268182,2063810419,529227008
zjs,B_method_call,3,12958676089,2257250868,578828832
zjs,C_apply_array_literal,3,13190716625,2416897534,619761520
zjs,C2_apply_array_hoisted,3,13040847875,2468144270,632903280
zjs,D_apply_arguments,3,13273862199,2452737840,628953200
zjs,E0_arguments_zeroarg,3,8286096156,1325132789,339817696
zjs,E1_arguments_length,3,13128198734,2161116678,554188544
zjs,E2_arguments_index,3,14223707373,2387152731,612134128
zjs,E4_arguments_fourarg,3,17560190709,3014084637,772896208
zjs,F_simple_ctor,3,11652199162,1781061768,456718592
zjs,G_raytrace_ctor,3,15360331558,2972098697,762129104
zjs,H1_prop_read,3,8166654892,1283390040,329101920
zjs,H2_prop_write,3,10447518079,1539284567,394721728
zjs,I_proto_method,3,9199402261,1772616100,454549504
zjs,J_instanceof,3,14455037747,2772288396,710894944
zjs,K1_length_array,3,8446939033,1418612671,363778528
zjs,K2_length_plain,3,9167236007,1567145015,401864672
zjs,L0_ctor_noprops,3,8796875772,1583175157,405973520
zjs,L3_ctor_threeprops,3,13892923192,2085182450,534701712
zjs,M1_proto_data_read,3,8927034415,1437486672,368615024
zjs,L3p_ctor_shadowing,3,26138227127,4254247403,1090910368
zjs,M2_chain_read,3,3885336285,910795954,233556000
zjs,M3_poly_read,3,12689238557,2154135572,552386352
zjs,L4_generic_ctor,3,25992829600,4146072776,1063169040
zjs,L4p_generic_ctor_shadowing,3,25753071287,4112093883,1054456368
qjs,empty,3,2272639,1556495,401408
qjs,ctrl,3,20412245333,3701622006,949197296
qjs,A_direct_call,3,11767124504,1794990749,460288944
qjs,A2_direct_call_ret,3,11182104466,1819925508,466681584
qjs,B_method_call,3,11332184363,1878260081,481640000
qjs,C_apply_array_literal,3,10248587485,1631219432,418291776
qjs,C2_apply_array_hoisted,3,9834578741,1581765411,405611184
qjs,D_apply_arguments,3,8213826812,1504295414,385744976
qjs,E0_arguments_zeroarg,3,5285012936,950822828,243820048
qjs,E1_arguments_length,3,8066263922,1458760081,374068704
qjs,E2_arguments_index,3,8231386199,1486008189,381056064
qjs,E4_arguments_fourarg,3,10212198206,1829538288,469146576
qjs,F_simple_ctor,3,9651696323,1630426284,418087296
qjs,G_raytrace_ctor,3,8070350217,1440808590,369466256
qjs,H1_prop_read,3,8846629981,1558304094,399600400
qjs,H2_prop_write,3,11047169434,1766671677,453025552
qjs,I_proto_method,3,7086666731,1551938878,397963296
qjs,J_instanceof,3,9816687513,1551297837,397798992
qjs,K1_length_array,3,8846657128,1564420439,401163888
qjs,K2_length_plain,3,8846608934,1561295961,400361280
qjs,L0_ctor_noprops,3,4914617966,782772916,200730272
qjs,L3_ctor_threeprops,3,12222844628,2057639758,527640752
qjs,M1_proto_data_read,3,9246990176,1707893099,437954944
qjs,L3p_ctor_shadowing,3,12222739349,2008979085,515229936
qjs,M2_chain_read,3,4025274774,1045242514,268030960
qjs,M3_poly_read,3,13929138989,2498063803,640574704
qjs,L4_generic_ctor,3,12532842863,2079776179,533316976
qjs,L4p_generic_ctor_shadowing,3,12437879474,2022386559,518602256
qjs,L4p_generic_ctor_shadowing,4,12457733265,2033223849,521379152
qjs,L4_generic_ctor,4,12512875656,2086288860,534987696
qjs,M3_poly_read,4,13929244446,2493414863,639382432
qjs,M2_chain_read,4,4025377312,1033560306,265036960
qjs,L3p_ctor_shadowing,4,12222737291,2007923696,514888192
qjs,M1_proto_data_read,4,9247095123,1708156010,438020960
qjs,L3_ctor_threeprops,4,12292819717,2073117970,531608080
qjs,L0_ctor_noprops,4,4914574537,788742090,202258432
qjs,K2_length_plain,4,8846588321,1559552120,399914352
qjs,K1_length_array,4,8846648005,1569821084,402547872
qjs,J_instanceof,4,9816542674,1545972467,396432576
qjs,I_proto_method,4,7086510037,1546492066,396564736
qjs,H2_prop_write,4,11047027846,1748450246,448353040
qjs,H1_prop_read,4,8846557158,1571457645,402967616
qjs,G_raytrace_ctor,4,8070193484,1439198400,369051456
qjs,F_simple_ctor,4,9631657755,1622528473,416064384
qjs,E4_arguments_fourarg,4,10212173176,1829192320,469057968
qjs,E2_arguments_index,4,8231386116,1481176092,379818096
qjs,E1_arguments_length,4,8066179600,1469858738,376915328
qjs,E0_arguments_zeroarg,4,5284874459,947975383,243090096
qjs,D_apply_arguments,4,8213902340,1503799827,385618672
qjs,C2_apply_array_hoisted,4,9834683113,1587116405,406983856
qjs,C_apply_array_literal,4,10248651642,1631286499,418313776
qjs,B_method_call,4,11332208116,1883695068,483034768
qjs,A2_direct_call_ret,4,11182173773,1820728830,466899184
qjs,A_direct_call,4,11767181782,1786406109,458099664
qjs,ctrl,4,20412301527,3704986918,950076544
qjs,empty,4,2293642,1511634,389424
zjs,L4p_generic_ctor_shadowing,4,25753246269,4181425961,1072238944
zjs,L4_generic_ctor,4,25948380962,4137814172,1061058048
zjs,M3_poly_read,4,12689439855,2150097440,551355904
zjs,M2_chain_read,4,3885360826,912555567,234008432
zjs,L3p_ctor_shadowing,4,26093224509,4238488157,1086871920
zjs,M1_proto_data_read,4,8927058546,1438898584,368978096
zjs,L3_ctor_threeprops,4,13908117357,2113067375,541854016
zjs,L0_ctor_noprops,4,8796972190,1583377422,406025024
zjs,K2_length_plain,4,9167224423,1564883823,401286336
zjs,K1_length_array,4,8447020636,1418625182,363781168
zjs,J_instanceof,4,14455085409,2765161791,709068320
zjs,I_proto_method,4,9199518233,1772572010,454540544
zjs,H2_prop_write,4,10447564425,1556406945,399112800
zjs,H1_prop_read,4,8166639456,1279850741,328193712
zjs,G_raytrace_ctor,4,15322225025,2953824218,757451808
zjs,F_simple_ctor,4,11652381907,1783563815,457360368
zjs,E4_arguments_fourarg,4,17560214384,3014599366,773030080
zjs,E2_arguments_index,4,14223918657,2395898574,614378656
zjs,E1_arguments_length,4,13128280830,2164114319,554946608
zjs,E0_arguments_zeroarg,4,8286232918,1324507137,339645024
zjs,D_apply_arguments,4,13274034889,2512407757,644254272
zjs,C2_apply_array_hoisted,4,13040890648,2449040311,628006256
zjs,C_apply_array_literal,4,13190800029,2414652421,619184208
zjs,B_method_call,4,12958671524,2253139829,577768176
zjs,A2_direct_call_ret,4,12058388348,2101779489,538957104
zjs,A_direct_call,4,13118735573,2191664403,562006400
zjs,ctrl,4,18213383316,3080148121,789835568
zjs,empty,4,2452106,1702885,438352
zjs,empty,5,2442842,1552554,400272
zjs,ctrl,5,18213616080,3078595386,789437792
zjs,A_direct_call,5,13118679040,2230705413,572020880
zjs,A2_direct_call_ret,5,12058311442,2055748588,527155920
zjs,B_method_call,5,12958763007,2256192188,578566160
zjs,C_apply_array_literal,5,13190829131,2415396834,619395104
zjs,C2_apply_array_hoisted,5,13040917122,2449002782,627998480
zjs,D_apply_arguments,5,13274017701,2562614624,657131712
zjs,E0_arguments_zeroarg,5,8286182373,1324217227,339571584
zjs,E1_arguments_length,5,13127984164,2159361882,553814656
zjs,E2_arguments_index,5,14224027245,2420747721,620915680
zjs,E4_arguments_fourarg,5,17560299205,3021389527,774838704
zjs,F_simple_ctor,5,11702421589,1787766741,458448352
zjs,G_raytrace_ctor,5,15340280589,2959599418,758925664
zjs,H1_prop_read,5,8166556085,1279047420,327986480
zjs,H2_prop_write,5,10447558385,1517081174,389029296
zjs,I_proto_method,5,9199527613,1773258626,454715280
zjs,J_instanceof,5,14455265875,2771675804,710735312
zjs,K1_length_array,5,8447032602,1418382159,363719152
zjs,K2_length_plain,5,9167302343,1567306993,401905056
zjs,L0_ctor_noprops,5,8797017406,1583918876,406167136
zjs,L3_ctor_threeprops,5,13842921980,2069733758,530738720
zjs,M1_proto_data_read,5,8927047890,1440275696,369333920
zjs,L3p_ctor_shadowing,5,26093350225,4233267632,1085529472
zjs,M2_chain_read,5,3885323036,910422081,233460944
zjs,M3_poly_read,5,12689192580,2147415929,550660304
zjs,L4_generic_ctor,5,25988031466,4155299605,1065536560
zjs,L4p_generic_ctor_shadowing,5,25797766005,4122561226,1057139296
qjs,empty,5,2288915,1612997,415488
qjs,ctrl,5,20412296978,3718905156,953627952
qjs,A_direct_call,5,11767132962,1790115045,459038688
qjs,A2_direct_call_ret,5,11182260817,1821742826,467149168
qjs,B_method_call,5,11332414055,1878053382,481586304
qjs,C_apply_array_literal,5,10248829488,1629930640,417961120
qjs,C2_apply_array_hoisted,5,9834702202,1582003008,405671376
qjs,D_apply_arguments,5,8214068087,1502652846,385324496
qjs,E0_arguments_zeroarg,5,5285011774,952322962,244205056
qjs,E1_arguments_length,5,8066133796,1468247492,376500304
qjs,E2_arguments_index,5,8231253794,1484975608,380790880
qjs,E4_arguments_fourarg,5,10212143834,1828354250,468843456
qjs,F_simple_ctor,5,9631651456,1623191185,416234112
qjs,G_raytrace_ctor,5,8088256241,1447759293,371247712
qjs,H1_prop_read,5,8846554573,1565554850,401452960
qjs,H2_prop_write,5,11047108907,1740122811,446219840
qjs,I_proto_method,5,7086518536,1550360460,397558400
qjs,J_instanceof,5,9816621527,1550229734,397526272
qjs,K1_length_array,5,8846617567,1569385423,402435856
qjs,K2_length_plain,5,8846530089,1559267810,399842080
qjs,L0_ctor_noprops,5,4914612195,781498914,200402592
qjs,L3_ctor_threeprops,5,12242834183,2071474163,531186112
qjs,M1_proto_data_read,5,9246958301,1707647704,437888928
qjs,L3p_ctor_shadowing,5,12262653183,2019431432,517839312
qjs,M2_chain_read,5,4025371668,1051533967,269646544
qjs,M3_poly_read,5,13929215619,2546751968,653058688
qjs,L4_generic_ctor,5,12487742197,2066292915,529860160
qjs,L4p_generic_ctor_shadowing,5,12512738654,2050553477,525822624
qjs,L4p_generic_ctor_shadowing,6,12437796223,2031765117,521004672
qjs,L4_generic_ctor,6,12552805088,2096402743,537577456
qjs,M3_poly_read,6,13929038253,2495671180,639960208
qjs,M2_chain_read,6,4025228869,1037586381,266067920
qjs,L3p_ctor_shadowing,6,12242667922,2007309958,514734288
qjs,M1_proto_data_read,6,9246848242,1708273881,438051824
qjs,L3_ctor_threeprops,6,12242636372,2060439762,528357968
qjs,L0_ctor_noprops,6,4914569260,780305148,200095904
qjs,K2_length_plain,6,8846533260,1567132146,401859504
qjs,K1_length_array,6,8846613911,1569456890,402457184
qjs,J_instanceof,6,9816685017,1546483145,396564960
qjs,I_proto_method,6,7086494596,1547884827,396925712
qjs,H2_prop_write,6,11047182200,1746751682,447917776
qjs,H1_prop_read,6,8846581899,1568744396,402271824
qjs,G_raytrace_ctor,6,8070274002,1438475975,368867824
qjs,F_simple_ctor,6,9631643240,1625805011,416903552
qjs,E4_arguments_fourarg,6,10212112316,1817338436,466017968
qjs,E2_arguments_index,6,8231349246,1484575521,380688912
qjs,E1_arguments_length,6,8066196053,1459783398,374332016
qjs,E0_arguments_zeroarg,6,5285103703,948554751,243239312
qjs,D_apply_arguments,6,8213926265,1500407094,384748656
qjs,C2_apply_array_hoisted,6,9834595764,1582115458,405701712
qjs,C_apply_array_literal,6,10248680988,1632573185,418638992
qjs,B_method_call,6,11332354668,1880429837,482199552
qjs,A2_direct_call_ret,6,11182333362,1826482350,468365648
qjs,A_direct_call,6,11767194482,1787765656,458436528
qjs,ctrl,6,20412278786,3723079527,954700384
qjs,empty,6,2294682,1521071,392016
zjs,L4p_generic_ctor_shadowing,6,25778065237,4131080594,1059327872
zjs,L4_generic_ctor,6,25947841840,4130916626,1059292176
zjs,M3_poly_read,6,12689156939,2150163279,551384944
zjs,M2_chain_read,6,3885372121,912202862,233917392
zjs,L3p_ctor_shadowing,6,26253323168,4288981820,1099827664
zjs,M1_proto_data_read,6,8927093573,1437974357,368742144
zjs,L3_ctor_threeprops,6,13907995147,2084449846,534514032
zjs,L0_ctor_noprops,6,8796925208,1586700205,406877440
zjs,K2_length_plain,6,9167232817,1565629478,401473904
zjs,K1_length_array,6,8446987481,1408153369,361094928
zjs,J_instanceof,6,14455079292,2771937765,710804064
zjs,I_proto_method,6,9199696121,1773097431,454674208
zjs,H2_prop_write,6,10447604143,1555231571,398807888
zjs,H1_prop_read,6,8166688333,1280668395,328403984
zjs,G_raytrace_ctor,6,15340191343,2958498306,758643824
zjs,F_simple_ctor,6,11557112880,1748940328,448480528
zjs,E4_arguments_fourarg,6,17560261725,3015100166,773157584
zjs,E2_arguments_index,6,14223966259,2397225561,614722432
zjs,E1_arguments_length,6,13128350631,2182558537,559673808
zjs,E0_arguments_zeroarg,6,8286131900,1327124522,340322208
zjs,D_apply_arguments,6,13273857068,2461068420,631093120
zjs,C2_apply_array_hoisted,6,13040920829,2452310152,628842144
zjs,C_apply_array_literal,6,13190826135,2416555221,619674064
zjs,B_method_call,6,12958741001,2258526591,579152176
zjs,A2_direct_call_ret,6,12058220098,2058639747,527896704
zjs,A_direct_call,6,13118639546,2202366842,564752784
zjs,ctrl,6,18213310464,3078324287,789368448
zjs,empty,6,2445287,1842743,474720
zjs,empty,7,2446919,1633673,420784
zjs,ctrl,7,18213338291,3066789740,786417168
zjs,A_direct_call,7,13118671434,2193535680,562489888
zjs,A2_direct_call_ret,7,12058361228,2059383747,528097504
zjs,B_method_call,7,12958974188,2290286134,587314048
zjs,C_apply_array_literal,7,13190809413,2415735529,619475152
zjs,C2_apply_array_hoisted,7,13040890138,2448822328,627955088
zjs,D_apply_arguments,7,13273897707,2460267324,630885920
zjs,E0_arguments_zeroarg,7,8286211465,1325627517,339933968
zjs,E1_arguments_length,7,13128348982,2174855510,557698752
zjs,E2_arguments_index,7,14223837835,2425349178,621933424
zjs,E4_arguments_fourarg,7,17560281081,3025235904,775759024
zjs,F_simple_ctor,7,11652345258,1774590508,455059856
zjs,G_raytrace_ctor,7,15340200313,2973438144,762475600
zjs,H1_prop_read,7,8166629664,1284093057,329281328
zjs,H2_prop_write,7,10447666021,1555336617,398838112
zjs,I_proto_method,7,9199513458,1771834005,454349936
zjs,J_instanceof,7,14455079158,2765121202,709055824
zjs,K1_length_array,7,8446942774,1408123495,361088144
zjs,K2_length_plain,7,9167205184,1564498264,401187008
zjs,L0_ctor_noprops,7,8796941411,1585565564,406590272
zjs,L3_ctor_threeprops,7,13908114440,2087015857,535172624
zjs,M1_proto_data_read,7,8927119811,1441580364,369667184
zjs,L3p_ctor_shadowing,7,26183414647,4261812813,1092857488
zjs,M2_chain_read,7,3885256765,910684258,233529440
zjs,M3_poly_read,7,12689201711,2141957075,549277552
zjs,L4_generic_ctor,7,25947906103,4140657244,1061788672
zjs,L4p_generic_ctor_shadowing,7,25797825800,4110289175,1054013200
qjs,empty,7,2286218,1510036,389472
qjs,ctrl,7,20412508725,3719500543,953784256
qjs,A_direct_call,7,11767068783,1783022074,457229088
qjs,A2_direct_call_ret,7,11182161329,1821731005,467144384
qjs,B_method_call,7,11332316704,1882110143,482632032
qjs,C_apply_array_literal,7,10248658271,1635432270,419397232
qjs,C2_apply_array_hoisted,7,9834583781,1580775608,405368416
qjs,D_apply_arguments,7,8213938033,1503207780,385477984
qjs,E0_arguments_zeroarg,7,5285097503,946183898,242632624
qjs,E1_arguments_length,7,8066217814,1469872404,376918752
qjs,E2_arguments_index,7,8231282206,1476538314,378629104
qjs,E4_arguments_fourarg,7,10212123755,1818094906,466229552
qjs,F_simple_ctor,7,9631668841,1618868154,415128912
qjs,G_raytrace_ctor,7,8070327027,1437371635,368586912
qjs,H1_prop_read,7,8846532057,1560180510,400075088
qjs,H2_prop_write,7,11046968846,1745896008,447702048
qjs,I_proto_method,7,7086526360,1556863886,399236000
qjs,J_instanceof,7,9816511252,1550381206,397563856
qjs,K1_length_array,7,8846590672,1565901978,401546240
qjs,K2_length_plain,7,8846632775,1557410784,399365776
qjs,L0_ctor_noprops,7,4914582834,788219100,202124688
qjs,L3_ctor_threeprops,7,12307920585,2077322626,532687344
qjs,M1_proto_data_read,7,9247103907,1711306390,438831344
qjs,L3p_ctor_shadowing,7,12222647074,2008558900,515055424
qjs,M2_chain_read,7,4025327846,1038454520,266291088
qjs,M3_poly_read,7,13929162724,2499877909,641041664
qjs,L4_generic_ctor,7,12487824853,2078568330,533004352
qjs,L4p_generic_ctor_shadowing,7,12437695518,2020585543,518140160
qjs,L4p_generic_ctor_shadowing,8,12417742667,2018886852,517701440
qjs,L4_generic_ctor,8,12487711076,2076936339,532587184
qjs,M3_poly_read,8,13929130726,2484819488,637177904
qjs,M2_chain_read,8,4025542722,1044919562,267954272
qjs,L3p_ctor_shadowing,8,12222524972,2000527794,512992656
qjs,M1_proto_data_read,8,9247003511,1708589674,438132416
qjs,L3_ctor_threeprops,8,12262809045,2051275852,526006208
qjs,L0_ctor_noprops,8,4914643400,782880275,200758944
qjs,K2_length_plain,8,8846681461,1562581574,400692512
qjs,K1_length_array,8,8846628281,1556764266,399201008
qjs,J_instanceof,8,9816502105,1547023657,396711280
qjs,I_proto_method,8,7086675476,1550884617,397693264
qjs,H2_prop_write,8,11047122174,1746006335,447734336
qjs,H1_prop_read,8,8846827706,1653520269,424012720
qjs,G_raytrace_ctor,8,8070269462,1437630651,368657504
qjs,F_simple_ctor,8,9631717049,1617732427,414838496
qjs,E4_arguments_fourarg,8,10212086471,1817614986,466089856
qjs,E2_arguments_index,8,8231308491,1488211545,381622960
qjs,E1_arguments_length,8,8066305554,1472036607,377473200
qjs,E0_arguments_zeroarg,8,5285029560,953574068,244525792
qjs,D_apply_arguments,8,8213882757,1501445010,385014192
qjs,C2_apply_array_hoisted,8,9834550518,1581115108,405450208
qjs,C_apply_array_literal,8,10248678459,1630005339,417985712
qjs,B_method_call,8,11332355064,1877129584,481352704
qjs,A2_direct_call_ret,8,11182281140,1820291108,466782736
qjs,A_direct_call,8,11767008665,1786772418,458183216
qjs,ctrl,8,20412432877,3719259842,953721616
qjs,empty,8,2296960,1614748,416064
zjs,L4p_generic_ctor_shadowing,8,25778176590,4145075601,1062927104
zjs,L4_generic_ctor,8,25973442458,4163225497,1067571792
zjs,M3_poly_read,8,12689642251,2162433284,554520848
zjs,M2_chain_read,8,3885550898,932549672,239135456
zjs,L3p_ctor_shadowing,8,26093693119,4239899125,1087233952
zjs,M1_proto_data_read,8,8927112241,1440791869,369462992
zjs,L3_ctor_threeprops,8,13843157357,2071783750,531264432
zjs,L0_ctor_noprops,8,8796946773,1585320076,406523216
zjs,K2_length_plain,8,9167308113,1568416614,402189472
zjs,K1_length_array,8,8446896263,1407940618,361040160
zjs,J_instanceof,8,14455401485,2781343977,713214640
zjs,I_proto_method,8,9199708971,1772579678,454546880
zjs,H2_prop_write,8,10447595319,1507731928,386629552
zjs,H1_prop_read,8,8166793732,1284443244,329370560
zjs,G_raytrace_ctor,8,15340056618,2972303114,762180464
zjs,F_simple_ctor,8,11557102381,1749136473,448527952
zjs,E4_arguments_fourarg,8,17560194955,3016905652,773623664
zjs,E2_arguments_index,8,14223779627,2435494265,624529840
zjs,E1_arguments_length,8,13128098236,2164065840,554926912
zjs,E0_arguments_zeroarg,8,8286221647,1328774958,340738784
zjs,D_apply_arguments,8,13273748389,2467888920,632836608
zjs,C2_apply_array_hoisted,8,13040741567,2456629621,629949392
zjs,C_apply_array_literal,8,13190776690,2416045779,619543680
zjs,B_method_call,8,12958846580,2256877155,578728976
zjs,A2_direct_call_ret,8,12058178705,2055301348,527041024
zjs,A_direct_call,8,13118580788,2193736920,562537040
zjs,ctrl,8,18213389473,3078307867,789365840
zjs,empty,8,2446459,1841794,474288
