engine,case,sample,instructions,cycles,task_clock_ms
before,empty,1,3075656,6726630,1727968.000
before,ctrl,1,10152228815,1813633600,465066752.000
before,N1_abs_hoisted,1,12808423336,1911501946,490182976.000
before,N1m_abs_method,1,15260025102,2724283989,698600592.000
before,N2_max3_variadic,1,21011621764,3409803261,874393376.000
before,N3_charcodeat,1,27652082343,5030090500,1289843296.000
before,N3b_charat,1,69117096231,13283772001,3406309568.000
before,N3c_at,1,46831338342,7679972527,1969353520.000
before,N3d_codepointat,1,29702504183,5245801771,1345158272.000
before,N4_hasown_string,1,33762887458,6270831917,1608001088.000
before,N5_push_pop,1,23564045218,4742504249,1216098992.000
before,N6_fcall,1,23887212537,4017681431,1030237104.000
before,N7_fapply,1,33367604387,6345094324,1627041392.000
before,C1_foreach8,1,25067922775,4794634293,1229468384.000
before,C2_reduce8,1,33181670507,6145492910,1575861984.000
before,C3_map8,1,43589125858,8058282619,2066370016.000
before,C4_sort8,1,15985856909,3092339045,792956336.000
before,C5_replace_fn,1,42073473599,9811716099,2515993856.000
after,empty,1,2944528,2327909,598944.000
after,ctrl,1,10152281505,1803800094,462543760.000
after,N1_abs_hoisted,1,12808147480,1908062053,489282224.000
after,N1m_abs_method,1,15309906085,2725510823,698893760.000
after,N2_max3_variadic,1,21511550298,3440736937,882298736.000
after,N3_charcodeat,1,19497973844,3172789651,813586672.000
after,N3b_charat,1,35822712437,5648820508,1448549904.000
after,N3c_at,1,37616209562,5936942599,1522448080.000
after,N3d_codepointat,1,19547889575,3186746722,817166096.000
after,N4_hasown_string,1,34713578195,6373222210,1634270128.000
after,N5_push_pop,1,23940055248,4853544882,1244574016.000
after,N6_fcall,1,23962212511,3836625575,983811024.000
after,N7_fapply,1,33843064892,6376725349,1635156160.000
after,C1_foreach8,1,25047985387,4851648654,1244087744.000
after,C2_reduce8,1,33161532725,6105864406,1565699024.000
after,C3_map8,1,43566891016,8107493893,2079020208.000
after,C4_sort8,1,15978060671,3210394307,823233440.000
after,C5_replace_fn,1,42037883699,9717857015,2491937168.000
qjs,empty,1,2271412,1647007,424208.000
qjs,ctrl,1,15345923617,2030766830,520747280.000
qjs,N1_abs_hoisted,1,21460156232,3375550892,865597264.000
qjs,N1m_abs_method,1,25062686936,4511979104,1156989840.000
qjs,N2_max3_variadic,1,24361045118,3770611723,966885216.000
qjs,N3_charcodeat,1,32956654236,4849909207,1243646528.000
qjs,N3b_charat,1,45767120687,6549955747,1679587344.000
qjs,N3c_at,1,47368014133,6755919154,1732394048.000
qjs,N3d_codepointat,1,33357050535,4937221989,1266079808.000
qjs,N4_hasown_string,1,46007097840,7022337365,1799759232.000
qjs,N5_push_pop,1,33589053194,5165377443,1324542544.000
qjs,N6_fcall,1,17984112955,3052937547,782871744.000
qjs,N7_fapply,1,28912434699,4427063765,1135277888.000
qjs,C1_foreach8,1,22455320446,2969879950,761555216.000
qjs,C2_reduce8,1,21468960236,2891957571,741576416.000
qjs,C3_map8,1,43371017646,6044582331,1548999280.000
qjs,C4_sort8,1,14610781071,1943216218,498294272.000
qjs,C5_replace_fn,1,33102021525,5245845841,1345178944.000
qjs,C5_replace_fn,2,33102258740,5298851912,1358802016.000
qjs,C4_sort8,2,14610756677,1941518946,497858560.000
qjs,C3_map8,2,43370983539,6159061375,1578369664.000
qjs,C2_reduce8,2,21468981792,2896897959,742849776.000
qjs,C1_foreach8,2,22455101311,2945961436,755527440.000
qjs,N7_fapply,2,28913030797,4480017001,1148797104.000
qjs,N6_fcall,2,17984781855,3049054584,781859040.000
qjs,N5_push_pop,2,33590199193,5180209742,1328343024.000
qjs,N4_hasown_string,2,46008374858,6958847350,1784460400.000
qjs,N3d_codepointat,2,33358068597,4951854560,1269793760.000
qjs,N3c_at,2,47369149066,6746849347,1730082032.000
qjs,N3b_charat,2,45769498105,6540062022,1677062800.000
qjs,N3_charcodeat,2,32957615008,4857939678,1245701712.000
qjs,N2_max3_variadic,2,24362186373,3775296562,968089408.000
qjs,N1m_abs_method,2,25064199102,4537663220,1163574768.000
qjs,N1_abs_hoisted,2,21460087645,3377896413,866180496.000
qjs,ctrl,2,15345874991,2031685838,520980672.000
qjs,empty,2,2290548,1577342,407072.000
after,C5_replace_fn,2,42188665656,9916814726,2542942928.000
after,C4_sort8,2,15977761718,3112784622,798200576.000
after,C3_map8,2,43571665835,8605551502,2206763856.000
after,C2_reduce8,2,33162337611,6108437659,1566375248.000
after,C1_foreach8,2,25047642585,4783564863,1226633776.000
after,N7_fapply,2,33842852434,6346807106,1627496976.000
after,N6_fcall,2,23961714863,3837219751,983975744.000
after,N5_push_pop,2,23939333968,4821212116,1236293776.000
after,N4_hasown_string,2,34712932406,6357870584,1630335120.000
after,N3d_codepointat,2,19547891588,3149796921,807706416.000
after,N3c_at,2,37614662690,5952771349,1526531552.000
after,N3b_charat,2,35830585427,5658211534,1451075904.000
after,N3_charcodeat,2,19497908084,3188657561,817658080.000
after,N2_max3_variadic,2,21511593252,3436422630,881230336.000
after,N1m_abs_method,2,15310065122,2726323573,699105280.000
after,N1_abs_hoisted,2,12808564692,1901627356,487630768.000
after,ctrl,2,10152642440,1819281181,466517296.000
after,empty,2,2939818,2251593,579392.000
before,C5_replace_fn,2,42544334198,9795379695,2511829856.000
before,C4_sort8,2,15986542156,3127561755,801990704.000
before,C3_map8,2,43599784386,8143946858,2088405296.000
before,C2_reduce8,2,33182993485,6155527959,1578447840.000
before,C1_foreach8,2,25068821107,4879264271,1251183344.000
before,N7_fapply,2,33368827138,6371334458,1634074192.000
before,N6_fcall,2,23887109229,3818076058,979260880.000
before,N5_push_pop,2,23564882401,4780192964,1225793248.000
before,N4_hasown_string,2,33763888446,6278458881,1609983856.000
before,N3d_codepointat,2,29703996629,5312381716,1362248160.000
before,N3c_at,2,47014139873,7723376405,1980675360.000
before,N3b_charat,2,69727840228,13427848769,3443390144.000
before,N3_charcodeat,2,27653060602,5026666305,1289005120.000
before,N2_max3_variadic,2,21011754402,3414677300,875630624.000
before,N1m_abs_method,2,15260210146,2722586024,698150064.000
before,N1_abs_hoisted,2,12808325564,1909436259,489665552.000
before,ctrl,2,10152460286,1801071167,461855712.000
before,empty,2,2920707,2087528,537584.000
before,empty,3,2895895,1860948,479696.000
before,ctrl,3,10152509325,1796342167,460643664.000
before,N1_abs_hoisted,3,12808421202,1910703522,489971392.000
before,N1m_abs_method,3,15260205542,2722229563,698054448.000
before,N2_max3_variadic,3,21011762506,3400774447,872051296.000
before,N3_charcodeat,3,27652631583,5030819862,1290036448.000
before,N3b_charat,3,69264370206,13364984493,3427178928.000
before,N3c_at,3,46524639478,7805999037,2001763376.000
before,N3d_codepointat,3,29702816895,5265411662,1350190336.000
before,N4_hasown_string,3,33763099633,6260283127,1605302432.000
before,N5_push_pop,3,23565138284,4786811740,1227882288.000
before,N6_fcall,3,23887541093,3816888794,979608656.000
before,N7_fapply,3,33369216233,6340805348,1626961840.000
before,C1_foreach8,3,25069062723,4818899959,1236385392.000
before,C2_reduce8,3,33183200742,6133258845,1572886448.000
before,C3_map8,3,43585917752,8032748506,2059890720.000
before,C4_sort8,3,15986437042,3131268760,802978352.000
before,C5_replace_fn,3,41764288534,9793164371,2511432416.000
after,empty,3,2902176,2374297,611568.000
after,ctrl,3,10152533255,1823302326,467754752.000
after,N1_abs_hoisted,3,12808482917,1907027296,489073632.000
after,N1m_abs_method,3,15310617031,2721912237,697995328.000
after,N2_max3_variadic,3,21512282701,3441344459,882553104.000
after,N3_charcodeat,3,19498578857,3174744111,814099936.000
after,N3b_charat,3,35855132729,5677030636,1455859584.000
after,N3c_at,3,37617905470,5966837891,1530218080.000
after,N3d_codepointat,3,19548561825,3141276613,805542832.000
after,N4_hasown_string,3,34714344145,6416473992,1645393856.000
after,N5_push_pop,3,23940857877,4821905568,1236472336.000
after,N6_fcall,3,23962593277,3857608552,989203936.000
after,N7_fapply,3,33843860125,6373748440,1634408304.000
after,C1_foreach8,3,25048855644,4838365626,1240687152.000
after,C2_reduce8,3,33162774469,6108305675,1566337296.000
after,C3_map8,3,43575924851,8096055920,2076105040.000
after,C4_sort8,3,15978141669,3111096980,797772112.000
after,C5_replace_fn,3,41850792306,9907996889,2540722960.000
qjs,empty,3,2272455,1639354,423088.000
qjs,ctrl,3,15346075876,2074587401,531982480.000
qjs,N1_abs_hoisted,3,21460436181,3376695010,865877168.000
qjs,N1m_abs_method,3,25063629361,4507888208,1155950848.000
qjs,N2_max3_variadic,3,24361810237,3769034949,966487296.000
qjs,N3_charcodeat,3,32957923999,4860174633,1246330864.000
qjs,N3b_charat,3,45769210291,6590362138,1690038208.000
qjs,N3c_at,3,47369340526,6772802721,1736725664.000
qjs,N3d_codepointat,3,33357889867,4951260356,1269647584.000
qjs,N4_hasown_string,3,46007958474,6974334252,1788411712.000
qjs,N5_push_pop,3,33590060466,5162390996,1323780464.000
qjs,N6_fcall,3,17985021550,3051075105,782381968.000
qjs,N7_fapply,3,28913319299,4418930830,1133132288.000
qjs,C1_foreach8,3,22455932822,2952622531,757133664.000
qjs,C2_reduce8,3,21469593672,2893059356,741863392.000
qjs,C3_map8,3,43372640364,6183613793,1585638752.000
qjs,C4_sort8,3,14611157533,1941929676,497968576.000
qjs,C5_replace_fn,3,33103271177,5284770863,1355155488.000
qjs,C5_replace_fn,4,33103275457,5305561852,1360490032.000
qjs,C4_sort8,4,14610984187,1944598971,498657968.000
qjs,C3_map8,4,43372243346,6149031548,1576822832.000
qjs,C2_reduce8,4,21469338473,2875124149,737293776.000
qjs,C1_foreach8,4,22455834337,2949748852,756464848.000
qjs,N7_fapply,4,28913456430,4422007050,1133932304.000
qjs,N6_fcall,4,17984938422,3061788815,785126176.000
qjs,N5_push_pop,4,33590185139,5169021420,1325489088.000
qjs,N4_hasown_string,4,46008159218,6981447197,1790228128.000
qjs,N3d_codepointat,4,33357569657,4956356003,1270941040.000
qjs,N3c_at,4,47369427953,6759151336,1733269872.000
qjs,N3b_charat,4,45769050402,6539644876,1677001072.000
qjs,N3_charcodeat,4,32958180845,4868212688,1248416128.000
qjs,N2_max3_variadic,4,24361698709,3770046411,966754576.000
qjs,N1m_abs_method,4,25063400746,4511050807,1156758560.000
qjs,N1_abs_hoisted,4,21460512030,3375969312,865690944.000
qjs,ctrl,4,15345955875,2032756263,521263376.000
qjs,empty,4,2276155,1626387,419456.000
after,C5_replace_fn,4,41985580755,9927561549,2545755648.000
after,C4_sort8,4,15978255925,3092736590,793061904.000
after,C3_map8,4,43570966158,8053306185,2065217120.000
after,C2_reduce8,4,33163154516,6111476432,1567159200.000
after,C1_foreach8,4,25049172990,4901875643,1256984592.000
after,N7_fapply,4,33843663630,6393349783,1639427568.000
after,N6_fcall,4,23961977139,3843681904,985623328.000
after,N5_push_pop,4,23939936444,4872014218,1249309200.000
after,N4_hasown_string,4,34713917323,6357436279,1630212096.000
after,N3d_codepointat,4,19547966627,3126837264,801804000.000
after,N3c_at,4,37606835704,5970735998,1531198384.000
after,N3b_charat,4,35831420596,5714219946,1465397552.000
after,N3_charcodeat,4,19498982709,3231681345,828721040.000
after,N2_max3_variadic,4,21512594412,3485587796,893810176.000
after,N1m_abs_method,4,15310638407,2729009141,699792432.000
after,N1_abs_hoisted,4,12808686313,1917421979,491742304.000
after,ctrl,4,10152708617,1799877357,461542944.000
after,empty,4,2938936,2209878,568592.000
before,C5_replace_fn,4,42140525505,9733652488,2496016816.000
before,C4_sort8,4,15986079457,3123426747,800929600.000
before,C3_map8,4,43593310411,8135235657,2086125632.000
before,C2_reduce8,4,33183607769,6235907771,1599048544.000
before,C1_foreach8,4,25068572415,4836951423,1240355024.000
before,N7_fapply,4,33367878809,6351910135,1628831808.000
before,N6_fcall,4,23886950100,3826551802,981230528.000
before,N5_push_pop,4,23564307545,4782199784,1225793472.000
before,N4_hasown_string,4,33764221051,6278044882,1609899872.000
before,N3d_codepointat,4,29702985675,5261437960,1349167728.000
before,N3c_at,4,46660789948,7677358926,1968695184.000
before,N3b_charat,4,69725280910,13256665189,3399371200.000
before,N3_charcodeat,4,27652397130,5026955640,1289045360.000
before,N2_max3_variadic,4,21011621608,3401319956,872190112.000
before,N1m_abs_method,4,15260079159,2724002868,698507536.000
before,N1_abs_hoisted,4,12808164876,1907214495,489063264.000
before,ctrl,4,10152270052,1801182857,461873248.000
before,empty,4,2910994,2331434,600448.000
