p780_L0_skeleton,qjs,72534890,,armv8_pmuv3_1/instructions/,3578464,100.00,5.20,insn per cycle
p780_L0_skeleton,qjs,13938454,,armv8_pmuv3_1/cycles/,3578464,100.00,,
p780_L0_skeleton,qjs,889482,,armv8_pmuv3_1/stall_frontend/,3578464,100.00,,
p780_L0_skeleton,qjs,26362259,,armv8_pmuv3_1/mem_access/,3578464,100.00,,
p780_L0_skeleton,zjs,75210623,,armv8_pmuv3_1/instructions/,4045680,100.00,4.77,insn per cycle
p780_L0_skeleton,zjs,15765609,,armv8_pmuv3_1/cycles/,4045680,100.00,,
p780_L0_skeleton,zjs,1412919,,armv8_pmuv3_1/stall_frontend/,4045680,100.00,,
p780_L0_skeleton,zjs,36037752,,armv8_pmuv3_1/mem_access/,4045680,100.00,,
p780_L0_skeleton,zjs,75150734,,armv8_pmuv3_1/instructions/,4068480,100.00,4.74,insn per cycle
p780_L0_skeleton,zjs,15858048,,armv8_pmuv3_1/cycles/,4068480,100.00,,
p780_L0_skeleton,zjs,2719695,,armv8_pmuv3_1/stall_frontend/,4068480,100.00,,
p780_L0_skeleton,zjs,35876198,,armv8_pmuv3_1/mem_access/,4068480,100.00,,
p780_L0_skeleton,qjs,72602254,,armv8_pmuv3_1/instructions/,3579024,100.00,5.21,insn per cycle
p780_L0_skeleton,qjs,13942492,,armv8_pmuv3_1/cycles/,3579024,100.00,,
p780_L0_skeleton,qjs,786117,,armv8_pmuv3_1/stall_frontend/,3579024,100.00,,
p780_L0_skeleton,qjs,26393707,,armv8_pmuv3_1/mem_access/,3579024,100.00,,
p780_L0_skeleton,qjs,72495141,,armv8_pmuv3_1/instructions/,3510544,100.00,5.30,insn per cycle
p780_L0_skeleton,qjs,13679125,,armv8_pmuv3_1/cycles/,3510544,100.00,,
p780_L0_skeleton,qjs,725928,,armv8_pmuv3_1/stall_frontend/,3510544,100.00,,
p780_L0_skeleton,qjs,26348972,,armv8_pmuv3_1/mem_access/,3510544,100.00,,
p780_L0_skeleton,zjs,75272757,,armv8_pmuv3_1/instructions/,3998368,100.00,4.83,insn per cycle
p780_L0_skeleton,zjs,15580999,,armv8_pmuv3_1/cycles/,3998368,100.00,,
p780_L0_skeleton,zjs,1461944,,armv8_pmuv3_1/stall_frontend/,3998368,100.00,,
p780_L0_skeleton,zjs,36044945,,armv8_pmuv3_1/mem_access/,3998368,100.00,,
p780_L0_skeleton,zjs,75142434,,armv8_pmuv3_1/instructions/,3997184,100.00,4.82,insn per cycle
p780_L0_skeleton,zjs,15580676,,armv8_pmuv3_1/cycles/,3997184,100.00,,
p780_L0_skeleton,zjs,2185010,,armv8_pmuv3_1/stall_frontend/,3997184,100.00,,
p780_L0_skeleton,zjs,35893624,,armv8_pmuv3_1/mem_access/,3997184,100.00,,
p780_L0_skeleton,qjs,72608981,,armv8_pmuv3_1/instructions/,3554320,100.00,5.24,insn per cycle
p780_L0_skeleton,qjs,13849687,,armv8_pmuv3_1/cycles/,3554320,100.00,,
p780_L0_skeleton,qjs,760312,,armv8_pmuv3_1/stall_frontend/,3554320,100.00,,
p780_L0_skeleton,qjs,26394065,,armv8_pmuv3_1/mem_access/,3554320,100.00,,
p780_L0_skeleton,qjs,72477015,,armv8_pmuv3_1/instructions/,3527344,100.00,5.27,insn per cycle
p780_L0_skeleton,qjs,13741977,,armv8_pmuv3_1/cycles/,3527344,100.00,,
p780_L0_skeleton,qjs,785164,,armv8_pmuv3_1/stall_frontend/,3527344,100.00,,
p780_L0_skeleton,qjs,26352292,,armv8_pmuv3_1/mem_access/,3527344,100.00,,
p780_L0_skeleton,zjs,75280220,,armv8_pmuv3_1/instructions/,3976672,100.00,4.86,insn per cycle
p780_L0_skeleton,zjs,15495524,,armv8_pmuv3_1/cycles/,3976672,100.00,,
p780_L0_skeleton,zjs,1618827,,armv8_pmuv3_1/stall_frontend/,3976672,100.00,,
p780_L0_skeleton,zjs,36031663,,armv8_pmuv3_1/mem_access/,3976672,100.00,,
p780_L0_skeleton,zjs,75150064,,armv8_pmuv3_1/instructions/,3912848,100.00,4.93,insn per cycle
p780_L0_skeleton,zjs,15252272,,armv8_pmuv3_1/cycles/,3912848,100.00,,
p780_L0_skeleton,zjs,1360269,,armv8_pmuv3_1/stall_frontend/,3912848,100.00,,
p780_L0_skeleton,zjs,36028808,,armv8_pmuv3_1/mem_access/,3912848,100.00,,
p780_L0_skeleton,qjs,72535228,,armv8_pmuv3_1/instructions/,3540320,100.00,5.26,insn per cycle
p780_L0_skeleton,qjs,13794088,,armv8_pmuv3_1/cycles/,3540320,100.00,,
p780_L0_skeleton,qjs,842747,,armv8_pmuv3_1/stall_frontend/,3540320,100.00,,
p780_L0_skeleton,qjs,26374707,,armv8_pmuv3_1/mem_access/,3540320,100.00,,
p780_L0_skeleton,qjs,72405912,,armv8_pmuv3_1/instructions/,3465680,100.00,5.36,insn per cycle
p780_L0_skeleton,qjs,13503040,,armv8_pmuv3_1/cycles/,3465680,100.00,,
p780_L0_skeleton,qjs,717973,,armv8_pmuv3_1/stall_frontend/,3465680,100.00,,
p780_L0_skeleton,qjs,26321107,,armv8_pmuv3_1/mem_access/,3465680,100.00,,
p780_L0_skeleton,zjs,75258431,,armv8_pmuv3_1/instructions/,4002160,100.00,4.83,insn per cycle
p780_L0_skeleton,zjs,15593428,,armv8_pmuv3_1/cycles/,4002160,100.00,,
p780_L0_skeleton,zjs,1451955,,armv8_pmuv3_1/stall_frontend/,4002160,100.00,,
p780_L0_skeleton,zjs,36057892,,armv8_pmuv3_1/mem_access/,4002160,100.00,,
p780_L0_skeleton,zjs,75216950,,armv8_pmuv3_1/instructions/,3945424,100.00,4.89,insn per cycle
p780_L0_skeleton,zjs,15374795,,armv8_pmuv3_1/cycles/,3945424,100.00,,
p780_L0_skeleton,zjs,1546435,,armv8_pmuv3_1/stall_frontend/,3945424,100.00,,
p780_L0_skeleton,zjs,36008908,,armv8_pmuv3_1/mem_access/,3945424,100.00,,
p780_L0_skeleton,qjs,72443774,,armv8_pmuv3_1/instructions/,3583344,100.00,5.19,insn per cycle
p780_L0_skeleton,qjs,13965549,,armv8_pmuv3_1/cycles/,3583344,100.00,,
p780_L0_skeleton,qjs,839919,,armv8_pmuv3_1/stall_frontend/,3583344,100.00,,
p780_L0_skeleton,qjs,26373549,,armv8_pmuv3_1/mem_access/,3583344,100.00,,
p780_L1_build,qjs,211278780,,armv8_pmuv3_1/instructions/,9119152,100.00,5.94,insn per cycle
p780_L1_build,qjs,35551668,,armv8_pmuv3_1/cycles/,9119152,100.00,,
p780_L1_build,qjs,873367,,armv8_pmuv3_1/stall_frontend/,9119152,100.00,,
p780_L1_build,qjs,69818446,,armv8_pmuv3_1/mem_access/,9119152,100.00,,
p780_L1_build,zjs,216792207,,armv8_pmuv3_1/instructions/,11588576,100.00,4.80,insn per cycle
p780_L1_build,zjs,45179800,,armv8_pmuv3_1/cycles/,11588576,100.00,,
p780_L1_build,zjs,2215185,,armv8_pmuv3_1/stall_frontend/,11588576,100.00,,
p780_L1_build,zjs,104836116,,armv8_pmuv3_1/mem_access/,11588576,100.00,,
p780_L1_build,zjs,216849305,,armv8_pmuv3_1/instructions/,11515216,100.00,4.83,insn per cycle
p780_L1_build,zjs,44889854,,armv8_pmuv3_1/cycles/,11515216,100.00,,
p780_L1_build,zjs,1989095,,armv8_pmuv3_1/stall_frontend/,11515216,100.00,,
p780_L1_build,zjs,104962311,,armv8_pmuv3_1/mem_access/,11515216,100.00,,
p780_L1_build,qjs,211354455,,armv8_pmuv3_1/instructions/,9121808,100.00,5.94,insn per cycle
p780_L1_build,qjs,35560200,,armv8_pmuv3_1/cycles/,9121808,100.00,,
p780_L1_build,qjs,849154,,armv8_pmuv3_1/stall_frontend/,9121808,100.00,,
p780_L1_build,qjs,69849549,,armv8_pmuv3_1/mem_access/,9121808,100.00,,
p780_L1_build,qjs,211379927,,armv8_pmuv3_1/instructions/,9243552,100.00,5.87,insn per cycle
p780_L1_build,qjs,36034217,,armv8_pmuv3_1/cycles/,9243552,100.00,,
p780_L1_build,qjs,818916,,armv8_pmuv3_1/stall_frontend/,9243552,100.00,,
p780_L1_build,qjs,69846482,,armv8_pmuv3_1/mem_access/,9243552,100.00,,
p780_L1_build,zjs,216843406,,armv8_pmuv3_1/instructions/,11592176,100.00,4.80,insn per cycle
p780_L1_build,zjs,45194781,,armv8_pmuv3_1/cycles/,11592176,100.00,,
p780_L1_build,zjs,2149167,,armv8_pmuv3_1/stall_frontend/,11592176,100.00,,
p780_L1_build,zjs,104926458,,armv8_pmuv3_1/mem_access/,11592176,100.00,,
p780_L1_build,zjs,216843328,,armv8_pmuv3_1/instructions/,11574784,100.00,4.81,insn per cycle
p780_L1_build,zjs,45122420,,armv8_pmuv3_1/cycles/,11574784,100.00,,
p780_L1_build,zjs,1859549,,armv8_pmuv3_1/stall_frontend/,11574784,100.00,,
p780_L1_build,zjs,105002584,,armv8_pmuv3_1/mem_access/,11574784,100.00,,
p780_L1_build,qjs,211322685,,armv8_pmuv3_1/instructions/,9136592,100.00,5.93,insn per cycle
p780_L1_build,qjs,35617975,,armv8_pmuv3_1/cycles/,9136592,100.00,,
p780_L1_build,qjs,982596,,armv8_pmuv3_1/stall_frontend/,9136592,100.00,,
p780_L1_build,qjs,69831190,,armv8_pmuv3_1/mem_access/,9136592,100.00,,
p780_L1_build,qjs,211405875,,armv8_pmuv3_1/instructions/,9175568,100.00,5.91,insn per cycle
p780_L1_build,qjs,35766272,,armv8_pmuv3_1/cycles/,9175568,100.00,,
p780_L1_build,qjs,979677,,armv8_pmuv3_1/stall_frontend/,9175568,100.00,,
p780_L1_build,qjs,69867716,,armv8_pmuv3_1/mem_access/,9175568,100.00,,
p780_L1_build,zjs,216795877,,armv8_pmuv3_1/instructions/,11622528,100.00,4.78,insn per cycle
p780_L1_build,zjs,45312144,,armv8_pmuv3_1/cycles/,11622528,100.00,,
p780_L1_build,zjs,2083779,,armv8_pmuv3_1/stall_frontend/,11622528,100.00,,
p780_L1_build,zjs,104806661,,armv8_pmuv3_1/mem_access/,11622528,100.00,,
p780_L1_build,zjs,216683702,,armv8_pmuv3_1/instructions/,11522144,100.00,4.82,insn per cycle
p780_L1_build,zjs,44927315,,armv8_pmuv3_1/cycles/,11522144,100.00,,
p780_L1_build,zjs,1765253,,armv8_pmuv3_1/stall_frontend/,11522144,100.00,,
p780_L1_build,zjs,104909231,,armv8_pmuv3_1/mem_access/,11522144,100.00,,
p780_L1_build,qjs,211281483,,armv8_pmuv3_1/instructions/,9152496,100.00,5.92,insn per cycle
p780_L1_build,qjs,35682112,,armv8_pmuv3_1/cycles/,9152496,100.00,,
p780_L1_build,qjs,929603,,armv8_pmuv3_1/stall_frontend/,9152496,100.00,,
p780_L1_build,qjs,69833627,,armv8_pmuv3_1/mem_access/,9152496,100.00,,
p780_L1_build,qjs,211435836,,armv8_pmuv3_1/instructions/,9176208,100.00,5.91,insn per cycle
p780_L1_build,qjs,35769715,,armv8_pmuv3_1/cycles/,9176208,100.00,,
p780_L1_build,qjs,913015,,armv8_pmuv3_1/stall_frontend/,9176208,100.00,,
p780_L1_build,qjs,69871551,,armv8_pmuv3_1/mem_access/,9176208,100.00,,
p780_L1_build,zjs,216737625,,armv8_pmuv3_1/instructions/,11641360,100.00,4.78,insn per cycle
p780_L1_build,zjs,45381800,,armv8_pmuv3_1/cycles/,11641360,100.00,,
p780_L1_build,zjs,2383053,,armv8_pmuv3_1/stall_frontend/,11641360,100.00,,
p780_L1_build,zjs,104913537,,armv8_pmuv3_1/mem_access/,11641360,100.00,,
p780_L1_build,zjs,216777864,,armv8_pmuv3_1/instructions/,11574576,100.00,4.80,insn per cycle
p780_L1_build,zjs,45126263,,armv8_pmuv3_1/cycles/,11574576,100.00,,
p780_L1_build,zjs,1908825,,armv8_pmuv3_1/stall_frontend/,11574576,100.00,,
p780_L1_build,zjs,104911997,,armv8_pmuv3_1/mem_access/,11574576,100.00,,
p780_L1_build,qjs,211227020,,armv8_pmuv3_1/instructions/,9124960,100.00,5.94,insn per cycle
p780_L1_build,qjs,35577777,,armv8_pmuv3_1/cycles/,9124960,100.00,,
p780_L1_build,qjs,929350,,armv8_pmuv3_1/stall_frontend/,9124960,100.00,,
p780_L1_build,qjs,69804354,,armv8_pmuv3_1/mem_access/,9124960,100.00,,
p780_L2_decode,qjs,275698260,,armv8_pmuv3_1/instructions/,11711600,100.00,6.04,insn per cycle
p780_L2_decode,qjs,45660025,,armv8_pmuv3_1/cycles/,11711600,100.00,,
p780_L2_decode,qjs,1088404,,armv8_pmuv3_1/stall_frontend/,11711600,100.00,,
p780_L2_decode,qjs,88621015,,armv8_pmuv3_1/mem_access/,11711600,100.00,,
p780_L2_decode,zjs,291855151,,armv8_pmuv3_1/instructions/,15373520,100.00,4.87,insn per cycle
p780_L2_decode,zjs,59939858,,armv8_pmuv3_1/cycles/,15373520,100.00,,
p780_L2_decode,zjs,3101914,,armv8_pmuv3_1/stall_frontend/,15373520,100.00,,
p780_L2_decode,zjs,137175490,,armv8_pmuv3_1/mem_access/,15373520,100.00,,
p780_L2_decode,zjs,291679884,,armv8_pmuv3_1/instructions/,15175648,100.00,4.93,insn per cycle
p780_L2_decode,zjs,59167619,,armv8_pmuv3_1/cycles/,15175648,100.00,,
p780_L2_decode,zjs,2551856,,armv8_pmuv3_1/stall_frontend/,15175648,100.00,,
p780_L2_decode,zjs,137134561,,armv8_pmuv3_1/mem_access/,15175648,100.00,,
p780_L2_decode,qjs,275758217,,armv8_pmuv3_1/instructions/,11861360,100.00,5.96,insn per cycle
p780_L2_decode,qjs,46244355,,armv8_pmuv3_1/cycles/,11861360,100.00,,
p780_L2_decode,qjs,1135877,,armv8_pmuv3_1/stall_frontend/,11861360,100.00,,
p780_L2_decode,qjs,88650165,,armv8_pmuv3_1/mem_access/,11861360,100.00,,
p780_L2_decode,qjs,275911358,,armv8_pmuv3_1/instructions/,11861168,100.00,5.97,insn per cycle
p780_L2_decode,qjs,46240399,,armv8_pmuv3_1/cycles/,11861168,100.00,,
p780_L2_decode,qjs,1115924,,armv8_pmuv3_1/stall_frontend/,11861168,100.00,,
p780_L2_decode,qjs,88661157,,armv8_pmuv3_1/mem_access/,11861168,100.00,,
p780_L2_decode,zjs,291749293,,armv8_pmuv3_1/instructions/,15421168,100.00,4.85,insn per cycle
p780_L2_decode,zjs,60127888,,armv8_pmuv3_1/cycles/,15421168,100.00,,
p780_L2_decode,zjs,2804438,,armv8_pmuv3_1/stall_frontend/,15421168,100.00,,
p780_L2_decode,zjs,136932790,,armv8_pmuv3_1/mem_access/,15421168,100.00,,
p780_L2_decode,zjs,291804278,,armv8_pmuv3_1/instructions/,15474176,100.00,4.84,insn per cycle
p780_L2_decode,zjs,60328925,,armv8_pmuv3_1/cycles/,15474176,100.00,,
p780_L2_decode,zjs,3073031,,armv8_pmuv3_1/stall_frontend/,15474176,100.00,,
p780_L2_decode,zjs,137482129,,armv8_pmuv3_1/mem_access/,15474176,100.00,,
p780_L2_decode,qjs,275679207,,armv8_pmuv3_1/instructions/,11701760,100.00,6.04,insn per cycle
p780_L2_decode,qjs,45627558,,armv8_pmuv3_1/cycles/,11701760,100.00,,
p780_L2_decode,qjs,1082390,,armv8_pmuv3_1/stall_frontend/,11701760,100.00,,
p780_L2_decode,qjs,88604689,,armv8_pmuv3_1/mem_access/,11701760,100.00,,
p780_L2_decode,qjs,275755540,,armv8_pmuv3_1/instructions/,11723984,100.00,6.03,insn per cycle
p780_L2_decode,qjs,45708632,,armv8_pmuv3_1/cycles/,11723984,100.00,,
p780_L2_decode,qjs,1119426,,armv8_pmuv3_1/stall_frontend/,11723984,100.00,,
p780_L2_decode,qjs,88636137,,armv8_pmuv3_1/mem_access/,11723984,100.00,,
p780_L2_decode,zjs,291791452,,armv8_pmuv3_1/instructions/,15323152,100.00,4.88,insn per cycle
p780_L2_decode,zjs,59750388,,armv8_pmuv3_1/cycles/,15323152,100.00,,
p780_L2_decode,zjs,2737296,,armv8_pmuv3_1/stall_frontend/,15323152,100.00,,
p780_L2_decode,zjs,137222831,,armv8_pmuv3_1/mem_access/,15323152,100.00,,
p780_L2_decode,zjs,291837737,,armv8_pmuv3_1/instructions/,15339616,100.00,4.88,insn per cycle
p780_L2_decode,zjs,59808001,,armv8_pmuv3_1/cycles/,15339616,100.00,,
p780_L2_decode,zjs,2859701,,armv8_pmuv3_1/stall_frontend/,15339616,100.00,,
p780_L2_decode,zjs,137282562,,armv8_pmuv3_1/mem_access/,15339616,100.00,,
p780_L2_decode,qjs,275732759,,armv8_pmuv3_1/instructions/,11743200,100.00,6.02,insn per cycle
p780_L2_decode,qjs,45780954,,armv8_pmuv3_1/cycles/,11743200,100.00,,
p780_L2_decode,qjs,1140693,,armv8_pmuv3_1/stall_frontend/,11743200,100.00,,
p780_L2_decode,qjs,88568117,,armv8_pmuv3_1/mem_access/,11743200,100.00,,
p780_L2_decode,qjs,275788820,,armv8_pmuv3_1/instructions/,11713200,100.00,6.04,insn per cycle
p780_L2_decode,qjs,45665605,,armv8_pmuv3_1/cycles/,11713200,100.00,,
p780_L2_decode,qjs,1123145,,armv8_pmuv3_1/stall_frontend/,11713200,100.00,,
p780_L2_decode,qjs,88632223,,armv8_pmuv3_1/mem_access/,11713200,100.00,,
p780_L2_decode,zjs,291720107,,armv8_pmuv3_1/instructions/,15295280,100.00,4.89,insn per cycle
p780_L2_decode,zjs,59633470,,armv8_pmuv3_1/cycles/,15295280,100.00,,
p780_L2_decode,zjs,2754625,,armv8_pmuv3_1/stall_frontend/,15295280,100.00,,
p780_L2_decode,zjs,137200737,,armv8_pmuv3_1/mem_access/,15295280,100.00,,
p780_L2_decode,zjs,291845013,,armv8_pmuv3_1/instructions/,15435952,100.00,4.85,insn per cycle
p780_L2_decode,zjs,60183138,,armv8_pmuv3_1/cycles/,15435952,100.00,,
p780_L2_decode,zjs,2779569,,armv8_pmuv3_1/stall_frontend/,15435952,100.00,,
p780_L2_decode,zjs,137260570,,armv8_pmuv3_1/mem_access/,15435952,100.00,,
p780_L2_decode,qjs,275773329,,armv8_pmuv3_1/instructions/,11713440,100.00,6.04,insn per cycle
p780_L2_decode,qjs,45663507,,armv8_pmuv3_1/cycles/,11713440,100.00,,
p780_L2_decode,qjs,1148730,,armv8_pmuv3_1/stall_frontend/,11713440,100.00,,
p780_L2_decode,qjs,88609866,,armv8_pmuv3_1/mem_access/,11713440,100.00,,
p780_L3_full,qjs,326134569,,armv8_pmuv3_1/instructions/,13922400,100.00,6.01,insn per cycle
p780_L3_full,qjs,54282686,,armv8_pmuv3_1/cycles/,13922400,100.00,,
p780_L3_full,qjs,1458425,,armv8_pmuv3_1/stall_frontend/,13922400,100.00,,
p780_L3_full,qjs,107496495,,armv8_pmuv3_1/mem_access/,13922400,100.00,,
p780_L3_full,zjs,339028640,,armv8_pmuv3_1/instructions/,18091984,100.00,4.81,insn per cycle
p780_L3_full,zjs,70541039,,armv8_pmuv3_1/cycles/,18091984,100.00,,
p780_L3_full,zjs,4388201,,armv8_pmuv3_1/stall_frontend/,18091984,100.00,,
p780_L3_full,zjs,159399599,,armv8_pmuv3_1/mem_access/,18091984,100.00,,
p780_L3_full,zjs,339227072,,armv8_pmuv3_1/instructions/,18098320,100.00,4.81,insn per cycle
p780_L3_full,zjs,70562981,,armv8_pmuv3_1/cycles/,18098320,100.00,,
p780_L3_full,zjs,3781747,,armv8_pmuv3_1/stall_frontend/,18098320,100.00,,
p780_L3_full,zjs,159486737,,armv8_pmuv3_1/mem_access/,18098320,100.00,,
p780_L3_full,qjs,326217814,,armv8_pmuv3_1/instructions/,13979936,100.00,5.98,insn per cycle
p780_L3_full,qjs,54507739,,armv8_pmuv3_1/cycles/,13979936,100.00,,
p780_L3_full,qjs,1531310,,armv8_pmuv3_1/stall_frontend/,13979936,100.00,,
p780_L3_full,qjs,107534711,,armv8_pmuv3_1/mem_access/,13979936,100.00,,
p780_L3_full,qjs,326141296,,armv8_pmuv3_1/instructions/,13943312,100.00,6.00,insn per cycle
p780_L3_full,qjs,54367915,,armv8_pmuv3_1/cycles/,13943312,100.00,,
p780_L3_full,qjs,1606694,,armv8_pmuv3_1/stall_frontend/,13943312,100.00,,
p780_L3_full,qjs,107435971,,armv8_pmuv3_1/mem_access/,13943312,100.00,,
p780_L3_full,zjs,339216874,,armv8_pmuv3_1/instructions/,18087984,100.00,4.81,insn per cycle
p780_L3_full,zjs,70524325,,armv8_pmuv3_1/cycles/,18087984,100.00,,
p780_L3_full,zjs,4328962,,armv8_pmuv3_1/stall_frontend/,18087984,100.00,,
p780_L3_full,zjs,159260432,,armv8_pmuv3_1/mem_access/,18087984,100.00,,
p780_L3_full,zjs,339124460,,armv8_pmuv3_1/instructions/,18055552,100.00,4.82,insn per cycle
p780_L3_full,zjs,70395606,,armv8_pmuv3_1/cycles/,18055552,100.00,,
p780_L3_full,zjs,4426534,,armv8_pmuv3_1/stall_frontend/,18055552,100.00,,
p780_L3_full,zjs,159211566,,armv8_pmuv3_1/mem_access/,18055552,100.00,,
p780_L3_full,qjs,326269402,,armv8_pmuv3_1/instructions/,13937968,100.00,6.00,insn per cycle
p780_L3_full,qjs,54341175,,armv8_pmuv3_1/cycles/,13937968,100.00,,
p780_L3_full,qjs,1457565,,armv8_pmuv3_1/stall_frontend/,13937968,100.00,,
p780_L3_full,qjs,107499252,,armv8_pmuv3_1/mem_access/,13937968,100.00,,
p780_L3_full,qjs,326338707,,armv8_pmuv3_1/instructions/,13999808,100.00,5.98,insn per cycle
p780_L3_full,qjs,54578978,,armv8_pmuv3_1/cycles/,13999808,100.00,,
p780_L3_full,qjs,1585606,,armv8_pmuv3_1/stall_frontend/,13999808,100.00,,
p780_L3_full,qjs,107566386,,armv8_pmuv3_1/mem_access/,13999808,100.00,,
p780_L3_full,zjs,339027407,,armv8_pmuv3_1/instructions/,18075504,100.00,4.81,insn per cycle
p780_L3_full,zjs,70477271,,armv8_pmuv3_1/cycles/,18075504,100.00,,
p780_L3_full,zjs,4229555,,armv8_pmuv3_1/stall_frontend/,18075504,100.00,,
p780_L3_full,zjs,159488976,,armv8_pmuv3_1/mem_access/,18075504,100.00,,
p780_L3_full,zjs,339179906,,armv8_pmuv3_1/instructions/,18119808,100.00,4.80,insn per cycle
p780_L3_full,zjs,70647773,,armv8_pmuv3_1/cycles/,18119808,100.00,,
p780_L3_full,zjs,4038773,,armv8_pmuv3_1/stall_frontend/,18119808,100.00,,
p780_L3_full,zjs,159515284,,armv8_pmuv3_1/mem_access/,18119808,100.00,,
p780_L3_full,qjs,326278627,,armv8_pmuv3_1/instructions/,14004176,100.00,5.98,insn per cycle
p780_L3_full,qjs,54598794,,armv8_pmuv3_1/cycles/,14004176,100.00,,
p780_L3_full,qjs,1689886,,armv8_pmuv3_1/stall_frontend/,14004176,100.00,,
p780_L3_full,qjs,107527105,,armv8_pmuv3_1/mem_access/,14004176,100.00,,
p780_L3_full,qjs,326226303,,armv8_pmuv3_1/instructions/,13988864,100.00,5.98,insn per cycle
p780_L3_full,qjs,54539246,,armv8_pmuv3_1/cycles/,13988864,100.00,,
p780_L3_full,qjs,1382325,,armv8_pmuv3_1/stall_frontend/,13988864,100.00,,
p780_L3_full,qjs,107526382,,armv8_pmuv3_1/mem_access/,13988864,100.00,,
p780_L3_full,zjs,339089809,,armv8_pmuv3_1/instructions/,18051520,100.00,4.82,insn per cycle
p780_L3_full,zjs,70380712,,armv8_pmuv3_1/cycles/,18051520,100.00,,
p780_L3_full,zjs,3870172,,armv8_pmuv3_1/stall_frontend/,18051520,100.00,,
p780_L3_full,zjs,159355649,,armv8_pmuv3_1/mem_access/,18051520,100.00,,
p780_L3_full,zjs,339150661,,armv8_pmuv3_1/instructions/,18128960,100.00,4.80,insn per cycle
p780_L3_full,zjs,70680081,,armv8_pmuv3_1/cycles/,18128960,100.00,,
p780_L3_full,zjs,3842556,,armv8_pmuv3_1/stall_frontend/,18128960,100.00,,
p780_L3_full,zjs,159606781,,armv8_pmuv3_1/mem_access/,18128960,100.00,,
p780_L3_full,qjs,326124328,,armv8_pmuv3_1/instructions/,13923232,100.00,6.01,insn per cycle
p780_L3_full,qjs,54288807,,armv8_pmuv3_1/cycles/,13923232,100.00,,
p780_L3_full,qjs,1581351,,armv8_pmuv3_1/stall_frontend/,13923232,100.00,,
p780_L3_full,qjs,107478972,,armv8_pmuv3_1/mem_access/,13923232,100.00,,
p780_B3_outerconcat,qjs,102892647,,armv8_pmuv3_1/instructions/,4842144,100.00,5.45,insn per cycle
p780_B3_outerconcat,qjs,18873441,,armv8_pmuv3_1/cycles/,4842144,100.00,,
p780_B3_outerconcat,qjs,848319,,armv8_pmuv3_1/stall_frontend/,4842144,100.00,,
p780_B3_outerconcat,qjs,35927173,,armv8_pmuv3_1/mem_access/,4842144,100.00,,
p780_B3_outerconcat,zjs,115389099,,armv8_pmuv3_1/instructions/,6174752,100.00,4.79,insn per cycle
p780_B3_outerconcat,zjs,24065946,,armv8_pmuv3_1/cycles/,6174752,100.00,,
p780_B3_outerconcat,zjs,1198492,,armv8_pmuv3_1/stall_frontend/,6174752,100.00,,
p780_B3_outerconcat,zjs,54277088,,armv8_pmuv3_1/mem_access/,6174752,100.00,,
p780_B3_outerconcat,zjs,115410133,,armv8_pmuv3_1/instructions/,6146592,100.00,4.82,insn per cycle
p780_B3_outerconcat,zjs,23963517,,armv8_pmuv3_1/cycles/,6146592,100.00,,
p780_B3_outerconcat,zjs,1372315,,armv8_pmuv3_1/stall_frontend/,6146592,100.00,,
p780_B3_outerconcat,zjs,54270249,,armv8_pmuv3_1/mem_access/,6146592,100.00,,
p780_B3_outerconcat,qjs,102818411,,armv8_pmuv3_1/instructions/,4816848,100.00,5.48,insn per cycle
p780_B3_outerconcat,qjs,18776004,,armv8_pmuv3_1/cycles/,4816848,100.00,,
p780_B3_outerconcat,qjs,700370,,armv8_pmuv3_1/stall_frontend/,4816848,100.00,,
p780_B3_outerconcat,qjs,35904328,,armv8_pmuv3_1/mem_access/,4816848,100.00,,
p780_B3_outerconcat,qjs,102932153,,armv8_pmuv3_1/instructions/,4807632,100.00,5.49,insn per cycle
p780_B3_outerconcat,qjs,18734734,,armv8_pmuv3_1/cycles/,4807632,100.00,,
p780_B3_outerconcat,qjs,770967,,armv8_pmuv3_1/stall_frontend/,4807632,100.00,,
p780_B3_outerconcat,qjs,35945598,,armv8_pmuv3_1/mem_access/,4807632,100.00,,
p780_B3_outerconcat,zjs,115413793,,armv8_pmuv3_1/instructions/,6543776,100.00,4.52,insn per cycle
p780_B3_outerconcat,zjs,25506132,,armv8_pmuv3_1/cycles/,6543776,100.00,,
p780_B3_outerconcat,zjs,1189162,,armv8_pmuv3_1/stall_frontend/,6543776,100.00,,
p780_B3_outerconcat,zjs,54302430,,armv8_pmuv3_1/mem_access/,6543776,100.00,,
p780_B3_outerconcat,zjs,115369090,,armv8_pmuv3_1/instructions/,6199488,100.00,4.77,insn per cycle
p780_B3_outerconcat,zjs,24168830,,armv8_pmuv3_1/cycles/,6199488,100.00,,
p780_B3_outerconcat,zjs,1285662,,armv8_pmuv3_1/stall_frontend/,6199488,100.00,,
p780_B3_outerconcat,zjs,54277700,,armv8_pmuv3_1/mem_access/,6199488,100.00,,
p780_B3_outerconcat,qjs,102995859,,armv8_pmuv3_1/instructions/,4854416,100.00,5.44,insn per cycle
p780_B3_outerconcat,qjs,18916025,,armv8_pmuv3_1/cycles/,4854416,100.00,,
p780_B3_outerconcat,qjs,799286,,armv8_pmuv3_1/stall_frontend/,4854416,100.00,,
p780_B3_outerconcat,qjs,35961162,,armv8_pmuv3_1/mem_access/,4854416,100.00,,
p780_B3_outerconcat,qjs,102800720,,armv8_pmuv3_1/instructions/,4786768,100.00,5.51,insn per cycle
p780_B3_outerconcat,qjs,18659705,,armv8_pmuv3_1/cycles/,4786768,100.00,,
p780_B3_outerconcat,qjs,724815,,armv8_pmuv3_1/stall_frontend/,4786768,100.00,,
p780_B3_outerconcat,qjs,35908069,,armv8_pmuv3_1/mem_access/,4786768,100.00,,
p780_B3_outerconcat,zjs,115487704,,armv8_pmuv3_1/instructions/,6239184,100.00,4.75,insn per cycle
p780_B3_outerconcat,zjs,24318439,,armv8_pmuv3_1/cycles/,6239184,100.00,,
p780_B3_outerconcat,zjs,1252237,,armv8_pmuv3_1/stall_frontend/,6239184,100.00,,
p780_B3_outerconcat,zjs,54347839,,armv8_pmuv3_1/mem_access/,6239184,100.00,,
p780_B3_outerconcat,zjs,115524667,,armv8_pmuv3_1/instructions/,6178768,100.00,4.80,insn per cycle
p780_B3_outerconcat,zjs,24079503,,armv8_pmuv3_1/cycles/,6178768,100.00,,
p780_B3_outerconcat,zjs,1194609,,armv8_pmuv3_1/stall_frontend/,6178768,100.00,,
p780_B3_outerconcat,zjs,54314270,,armv8_pmuv3_1/mem_access/,6178768,100.00,,
p780_B3_outerconcat,qjs,102830948,,armv8_pmuv3_1/instructions/,4796176,100.00,5.50,insn per cycle
p780_B3_outerconcat,qjs,18696953,,armv8_pmuv3_1/cycles/,4796176,100.00,,
p780_B3_outerconcat,qjs,701140,,armv8_pmuv3_1/stall_frontend/,4796176,100.00,,
p780_B3_outerconcat,qjs,35897107,,armv8_pmuv3_1/mem_access/,4796176,100.00,,
p780_B3_outerconcat,qjs,102851207,,armv8_pmuv3_1/instructions/,4828176,100.00,5.46,insn per cycle
p780_B3_outerconcat,qjs,18820769,,armv8_pmuv3_1/cycles/,4828176,100.00,,
p780_B3_outerconcat,qjs,816481,,armv8_pmuv3_1/stall_frontend/,4828176,100.00,,
p780_B3_outerconcat,qjs,35905128,,armv8_pmuv3_1/mem_access/,4828176,100.00,,
p780_B3_outerconcat,zjs,115411486,,armv8_pmuv3_1/instructions/,6227584,100.00,4.75,insn per cycle
p780_B3_outerconcat,zjs,24273006,,armv8_pmuv3_1/cycles/,6227584,100.00,,
p780_B3_outerconcat,zjs,1423418,,armv8_pmuv3_1/stall_frontend/,6227584,100.00,,
p780_B3_outerconcat,zjs,54300759,,armv8_pmuv3_1/mem_access/,6227584,100.00,,
p780_B3_outerconcat,zjs,115556328,,armv8_pmuv3_1/instructions/,6147776,100.00,4.82,insn per cycle
p780_B3_outerconcat,zjs,23961383,,armv8_pmuv3_1/cycles/,6147776,100.00,,
p780_B3_outerconcat,zjs,1337390,,armv8_pmuv3_1/stall_frontend/,6147776,100.00,,
p780_B3_outerconcat,zjs,54320689,,armv8_pmuv3_1/mem_access/,6147776,100.00,,
p780_B3_outerconcat,qjs,102817233,,armv8_pmuv3_1/instructions/,4793904,100.00,5.50,insn per cycle
p780_B3_outerconcat,qjs,18686521,,armv8_pmuv3_1/cycles/,4793904,100.00,,
p780_B3_outerconcat,qjs,772982,,armv8_pmuv3_1/stall_frontend/,4793904,100.00,,
p780_B3_outerconcat,qjs,35899253,,armv8_pmuv3_1/mem_access/,4793904,100.00,,
p780_B2_hexconcat,qjs,183163906,,armv8_pmuv3_1/instructions/,7946352,100.00,5.91,insn per cycle
p780_B2_hexconcat,qjs,30980809,,armv8_pmuv3_1/cycles/,7946352,100.00,,
p780_B2_hexconcat,qjs,872024,,armv8_pmuv3_1/stall_frontend/,7946352,100.00,,
p780_B2_hexconcat,qjs,61243899,,armv8_pmuv3_1/mem_access/,7946352,100.00,,
p780_B2_hexconcat,zjs,175665629,,armv8_pmuv3_1/instructions/,9285104,100.00,4.85,insn per cycle
p780_B2_hexconcat,zjs,36196863,,armv8_pmuv3_1/cycles/,9285104,100.00,,
p780_B2_hexconcat,zjs,1979050,,armv8_pmuv3_1/stall_frontend/,9285104,100.00,,
p780_B2_hexconcat,zjs,85277428,,armv8_pmuv3_1/mem_access/,9285104,100.00,,
p780_B2_hexconcat,zjs,175943204,,armv8_pmuv3_1/instructions/,9357344,100.00,4.82,insn per cycle
p780_B2_hexconcat,zjs,36475642,,armv8_pmuv3_1/cycles/,9357344,100.00,,
p780_B2_hexconcat,zjs,1939902,,armv8_pmuv3_1/stall_frontend/,9357344,100.00,,
p780_B2_hexconcat,zjs,85278740,,armv8_pmuv3_1/mem_access/,9357344,100.00,,
p780_B2_hexconcat,qjs,182997387,,armv8_pmuv3_1/instructions/,7850336,100.00,5.98,insn per cycle
p780_B2_hexconcat,qjs,30606873,,armv8_pmuv3_1/cycles/,7850336,100.00,,
p780_B2_hexconcat,qjs,902509,,armv8_pmuv3_1/stall_frontend/,7850336,100.00,,
p780_B2_hexconcat,qjs,61194526,,armv8_pmuv3_1/mem_access/,7850336,100.00,,
p780_B2_hexconcat,qjs,182985973,,armv8_pmuv3_1/instructions/,7845728,100.00,5.98,insn per cycle
p780_B2_hexconcat,qjs,30588902,,armv8_pmuv3_1/cycles/,7845728,100.00,,
p780_B2_hexconcat,qjs,771743,,armv8_pmuv3_1/stall_frontend/,7845728,100.00,,
p780_B2_hexconcat,qjs,61203270,,armv8_pmuv3_1/mem_access/,7845728,100.00,,
p780_B2_hexconcat,zjs,175807262,,armv8_pmuv3_1/instructions/,9294576,100.00,4.85,insn per cycle
p780_B2_hexconcat,zjs,36232703,,armv8_pmuv3_1/cycles/,9294576,100.00,,
p780_B2_hexconcat,zjs,1818579,,armv8_pmuv3_1/stall_frontend/,9294576,100.00,,
p780_B2_hexconcat,zjs,85400003,,armv8_pmuv3_1/mem_access/,9294576,100.00,,
p780_B2_hexconcat,zjs,175670679,,armv8_pmuv3_1/instructions/,9271680,100.00,4.86,insn per cycle
p780_B2_hexconcat,zjs,36142541,,armv8_pmuv3_1/cycles/,9271680,100.00,,
p780_B2_hexconcat,zjs,1823563,,armv8_pmuv3_1/stall_frontend/,9271680,100.00,,
p780_B2_hexconcat,zjs,85184429,,armv8_pmuv3_1/mem_access/,9271680,100.00,,
p780_B2_hexconcat,qjs,183018681,,armv8_pmuv3_1/instructions/,7872272,100.00,5.96,insn per cycle
p780_B2_hexconcat,qjs,30691862,,armv8_pmuv3_1/cycles/,7872272,100.00,,
p780_B2_hexconcat,qjs,995326,,armv8_pmuv3_1/stall_frontend/,7872272,100.00,,
p780_B2_hexconcat,qjs,61201524,,armv8_pmuv3_1/mem_access/,7872272,100.00,,
p780_B2_hexconcat,qjs,183176095,,armv8_pmuv3_1/instructions/,7870784,100.00,5.97,insn per cycle
p780_B2_hexconcat,qjs,30679726,,armv8_pmuv3_1/cycles/,7870784,100.00,,
p780_B2_hexconcat,qjs,906060,,armv8_pmuv3_1/stall_frontend/,7870784,100.00,,
p780_B2_hexconcat,qjs,61258840,,armv8_pmuv3_1/mem_access/,7870784,100.00,,
p780_B2_hexconcat,zjs,175702504,,armv8_pmuv3_1/instructions/,9310432,100.00,4.84,insn per cycle
p780_B2_hexconcat,zjs,36294300,,armv8_pmuv3_1/cycles/,9310432,100.00,,
p780_B2_hexconcat,zjs,2282052,,armv8_pmuv3_1/stall_frontend/,9310432,100.00,,
p780_B2_hexconcat,zjs,85261944,,armv8_pmuv3_1/mem_access/,9310432,100.00,,
p780_B2_hexconcat,zjs,175751649,,armv8_pmuv3_1/instructions/,9444832,100.00,4.77,insn per cycle
p780_B2_hexconcat,zjs,36821458,,armv8_pmuv3_1/cycles/,9444832,100.00,,
p780_B2_hexconcat,zjs,1698229,,armv8_pmuv3_1/stall_frontend/,9444832,100.00,,
p780_B2_hexconcat,zjs,85355868,,armv8_pmuv3_1/mem_access/,9444832,100.00,,
p780_B2_hexconcat,qjs,183120497,,armv8_pmuv3_1/instructions/,7902384,100.00,5.94,insn per cycle
p780_B2_hexconcat,qjs,30805752,,armv8_pmuv3_1/cycles/,7902384,100.00,,
p780_B2_hexconcat,qjs,931803,,armv8_pmuv3_1/stall_frontend/,7902384,100.00,,
p780_B2_hexconcat,qjs,61248159,,armv8_pmuv3_1/mem_access/,7902384,100.00,,
p780_B2_hexconcat,qjs,183061606,,armv8_pmuv3_1/instructions/,7874400,100.00,5.96,insn per cycle
p780_B2_hexconcat,qjs,30694949,,armv8_pmuv3_1/cycles/,7874400,100.00,,
p780_B2_hexconcat,qjs,887631,,armv8_pmuv3_1/stall_frontend/,7874400,100.00,,
p780_B2_hexconcat,qjs,61233054,,armv8_pmuv3_1/mem_access/,7874400,100.00,,
p780_B2_hexconcat,zjs,175747456,,armv8_pmuv3_1/instructions/,9441280,100.00,4.78,insn per cycle
p780_B2_hexconcat,zjs,36804621,,armv8_pmuv3_1/cycles/,9441280,100.00,,
p780_B2_hexconcat,zjs,2244522,,armv8_pmuv3_1/stall_frontend/,9441280,100.00,,
p780_B2_hexconcat,zjs,85299525,,armv8_pmuv3_1/mem_access/,9441280,100.00,,
p780_B2_hexconcat,zjs,175839639,,armv8_pmuv3_1/instructions/,9317744,100.00,4.84,insn per cycle
p780_B2_hexconcat,zjs,36322469,,armv8_pmuv3_1/cycles/,9317744,100.00,,
p780_B2_hexconcat,zjs,1831720,,armv8_pmuv3_1/stall_frontend/,9317744,100.00,,
p780_B2_hexconcat,zjs,85272204,,armv8_pmuv3_1/mem_access/,9317744,100.00,,
p780_B2_hexconcat,qjs,182980269,,armv8_pmuv3_1/instructions/,7856704,100.00,5.97,insn per cycle
p780_B2_hexconcat,qjs,30631325,,armv8_pmuv3_1/cycles/,7856704,100.00,,
p780_B2_hexconcat,qjs,779247,,armv8_pmuv3_1/stall_frontend/,7856704,100.00,,
p780_B2_hexconcat,qjs,61205600,,armv8_pmuv3_1/mem_access/,7856704,100.00,,
p780_B2x_nonhex,qjs,183033121,,armv8_pmuv3_1/instructions/,7864048,100.00,5.97,insn per cycle
p780_B2x_nonhex,qjs,30660345,,armv8_pmuv3_1/cycles/,7864048,100.00,,
p780_B2x_nonhex,qjs,898842,,armv8_pmuv3_1/stall_frontend/,7864048,100.00,,
p780_B2x_nonhex,qjs,61209530,,armv8_pmuv3_1/mem_access/,7864048,100.00,,
p780_B2x_nonhex,zjs,201358230,,armv8_pmuv3_1/instructions/,10253328,100.00,5.04,insn per cycle
p780_B2x_nonhex,zjs,39972346,,armv8_pmuv3_1/cycles/,10253328,100.00,,
p780_B2x_nonhex,zjs,2190371,,armv8_pmuv3_1/stall_frontend/,10253328,100.00,,
p780_B2x_nonhex,zjs,92355594,,armv8_pmuv3_1/mem_access/,10253328,100.00,,
p780_B2x_nonhex,zjs,201389121,,armv8_pmuv3_1/instructions/,10197728,100.00,5.07,insn per cycle
p780_B2x_nonhex,zjs,39752514,,armv8_pmuv3_1/cycles/,10197728,100.00,,
p780_B2x_nonhex,zjs,1932555,,armv8_pmuv3_1/stall_frontend/,10197728,100.00,,
p780_B2x_nonhex,zjs,92465233,,armv8_pmuv3_1/mem_access/,10197728,100.00,,
p780_B2x_nonhex,qjs,183008150,,armv8_pmuv3_1/instructions/,7879104,100.00,5.96,insn per cycle
p780_B2x_nonhex,qjs,30718827,,armv8_pmuv3_1/cycles/,7879104,100.00,,
p780_B2x_nonhex,qjs,910675,,armv8_pmuv3_1/stall_frontend/,7879104,100.00,,
p780_B2x_nonhex,qjs,61207105,,armv8_pmuv3_1/mem_access/,7879104,100.00,,
p780_B2x_nonhex,qjs,183029537,,armv8_pmuv3_1/instructions/,7889264,100.00,5.95,insn per cycle
p780_B2x_nonhex,qjs,30757295,,armv8_pmuv3_1/cycles/,7889264,100.00,,
p780_B2x_nonhex,qjs,816394,,armv8_pmuv3_1/stall_frontend/,7889264,100.00,,
p780_B2x_nonhex,qjs,61216032,,armv8_pmuv3_1/mem_access/,7889264,100.00,,
p780_B2x_nonhex,zjs,201302581,,armv8_pmuv3_1/instructions/,10187760,100.00,5.07,insn per cycle
p780_B2x_nonhex,zjs,39714524,,armv8_pmuv3_1/cycles/,10187760,100.00,,
p780_B2x_nonhex,zjs,1821002,,armv8_pmuv3_1/stall_frontend/,10187760,100.00,,
p780_B2x_nonhex,zjs,92411309,,armv8_pmuv3_1/mem_access/,10187760,100.00,,
p780_B2x_nonhex,zjs,201459057,,armv8_pmuv3_1/instructions/,10283856,100.00,5.03,insn per cycle
p780_B2x_nonhex,zjs,40088034,,armv8_pmuv3_1/cycles/,10283856,100.00,,
p780_B2x_nonhex,zjs,1989743,,armv8_pmuv3_1/stall_frontend/,10283856,100.00,,
p780_B2x_nonhex,zjs,92464267,,armv8_pmuv3_1/mem_access/,10283856,100.00,,
p780_B2x_nonhex,qjs,182974433,,armv8_pmuv3_1/instructions/,7871376,100.00,5.96,insn per cycle
p780_B2x_nonhex,qjs,30689110,,armv8_pmuv3_1/cycles/,7871376,100.00,,
p780_B2x_nonhex,qjs,755899,,armv8_pmuv3_1/stall_frontend/,7871376,100.00,,
p780_B2x_nonhex,qjs,61201449,,armv8_pmuv3_1/mem_access/,7871376,100.00,,
p780_B2x_nonhex,qjs,183118297,,armv8_pmuv3_1/instructions/,7877840,100.00,5.96,insn per cycle
p780_B2x_nonhex,qjs,30709460,,armv8_pmuv3_1/cycles/,7877840,100.00,,
p780_B2x_nonhex,qjs,883922,,armv8_pmuv3_1/stall_frontend/,7877840,100.00,,
p780_B2x_nonhex,qjs,61239257,,armv8_pmuv3_1/mem_access/,7877840,100.00,,
p780_B2x_nonhex,zjs,201264876,,armv8_pmuv3_1/instructions/,10169536,100.00,5.08,insn per cycle
p780_B2x_nonhex,zjs,39646993,,armv8_pmuv3_1/cycles/,10169536,100.00,,
p780_B2x_nonhex,zjs,1898475,,armv8_pmuv3_1/stall_frontend/,10169536,100.00,,
p780_B2x_nonhex,zjs,92394961,,armv8_pmuv3_1/mem_access/,10169536,100.00,,
p780_B2x_nonhex,zjs,201267476,,armv8_pmuv3_1/instructions/,10144272,100.00,5.09,insn per cycle
p780_B2x_nonhex,zjs,39552334,,armv8_pmuv3_1/cycles/,10144272,100.00,,
p780_B2x_nonhex,zjs,1626471,,armv8_pmuv3_1/stall_frontend/,10144272,100.00,,
p780_B2x_nonhex,zjs,92508086,,armv8_pmuv3_1/mem_access/,10144272,100.00,,
p780_B2x_nonhex,qjs,183121891,,armv8_pmuv3_1/instructions/,7928736,100.00,5.93,insn per cycle
p780_B2x_nonhex,qjs,30903410,,armv8_pmuv3_1/cycles/,7928736,100.00,,
p780_B2x_nonhex,qjs,917658,,armv8_pmuv3_1/stall_frontend/,7928736,100.00,,
p780_B2x_nonhex,qjs,61249866,,armv8_pmuv3_1/mem_access/,7928736,100.00,,
p780_B2x_nonhex,qjs,183071508,,armv8_pmuv3_1/instructions/,7877520,100.00,5.96,insn per cycle
p780_B2x_nonhex,qjs,30707897,,armv8_pmuv3_1/cycles/,7877520,100.00,,
p780_B2x_nonhex,qjs,976926,,armv8_pmuv3_1/stall_frontend/,7877520,100.00,,
p780_B2x_nonhex,qjs,61223864,,armv8_pmuv3_1/mem_access/,7877520,100.00,,
p780_B2x_nonhex,zjs,201312322,,armv8_pmuv3_1/instructions/,10275296,100.00,5.03,insn per cycle
p780_B2x_nonhex,zjs,40055996,,armv8_pmuv3_1/cycles/,10275296,100.00,,
p780_B2x_nonhex,zjs,2250070,,armv8_pmuv3_1/stall_frontend/,10275296,100.00,,
p780_B2x_nonhex,zjs,92312182,,armv8_pmuv3_1/mem_access/,10275296,100.00,,
p780_B2x_nonhex,zjs,201265270,,armv8_pmuv3_1/instructions/,10158272,100.00,5.08,insn per cycle
p780_B2x_nonhex,zjs,39606448,,armv8_pmuv3_1/cycles/,10158272,100.00,,
p780_B2x_nonhex,zjs,1552021,,armv8_pmuv3_1/stall_frontend/,10158272,100.00,,
p780_B2x_nonhex,zjs,92461522,,armv8_pmuv3_1/mem_access/,10158272,100.00,,
p780_B2x_nonhex,qjs,183022391,,armv8_pmuv3_1/instructions/,7916112,100.00,5.93,insn per cycle
p780_B2x_nonhex,qjs,30862305,,armv8_pmuv3_1/cycles/,7916112,100.00,,
p780_B2x_nonhex,qjs,1011311,,armv8_pmuv3_1/stall_frontend/,7916112,100.00,,
p780_B2x_nonhex,qjs,61211671,,armv8_pmuv3_1/mem_access/,7916112,100.00,,
p780_dec_esc1,qjs,89516150,,armv8_pmuv3_1/instructions/,3704752,100.00,6.20,insn per cycle
p780_dec_esc1,qjs,14433574,,armv8_pmuv3_1/cycles/,3704752,100.00,,
p780_dec_esc1,qjs,623684,,armv8_pmuv3_1/stall_frontend/,3704752,100.00,,
p780_dec_esc1,qjs,27910059,,armv8_pmuv3_1/mem_access/,3704752,100.00,,
p780_dec_esc1,zjs,75298280,,armv8_pmuv3_1/instructions/,4101920,100.00,4.71,insn per cycle
p780_dec_esc1,zjs,15988476,,armv8_pmuv3_1/cycles/,4101920,100.00,,
p780_dec_esc1,zjs,1124881,,armv8_pmuv3_1/stall_frontend/,4101920,100.00,,
p780_dec_esc1,zjs,33130113,,armv8_pmuv3_1/mem_access/,4101920,100.00,,
p780_dec_esc1,zjs,75358758,,armv8_pmuv3_1/instructions/,4072704,100.00,4.75,insn per cycle
p780_dec_esc1,zjs,15871017,,armv8_pmuv3_1/cycles/,4072704,100.00,,
p780_dec_esc1,zjs,913688,,armv8_pmuv3_1/stall_frontend/,4072704,100.00,,
p780_dec_esc1,zjs,33162591,,armv8_pmuv3_1/mem_access/,4072704,100.00,,
p780_dec_esc1,qjs,89501351,,armv8_pmuv3_1/instructions/,3733088,100.00,6.15,insn per cycle
p780_dec_esc1,qjs,14543944,,armv8_pmuv3_1/cycles/,3733088,100.00,,
p780_dec_esc1,qjs,726988,,armv8_pmuv3_1/stall_frontend/,3733088,100.00,,
p780_dec_esc1,qjs,27903241,,armv8_pmuv3_1/mem_access/,3733088,100.00,,
p780_dec_esc1,qjs,89372520,,armv8_pmuv3_1/instructions/,3668080,100.00,6.25,insn per cycle
p780_dec_esc1,qjs,14291742,,armv8_pmuv3_1/cycles/,3668080,100.00,,
p780_dec_esc1,qjs,628974,,armv8_pmuv3_1/stall_frontend/,3668080,100.00,,
p780_dec_esc1,qjs,27861188,,armv8_pmuv3_1/mem_access/,3668080,100.00,,
p780_dec_esc1,zjs,75282798,,armv8_pmuv3_1/instructions/,4111616,100.00,4.70,insn per cycle
p780_dec_esc1,zjs,16020248,,armv8_pmuv3_1/cycles/,4111616,100.00,,
p780_dec_esc1,zjs,1082319,,armv8_pmuv3_1/stall_frontend/,4111616,100.00,,
p780_dec_esc1,zjs,33148183,,armv8_pmuv3_1/mem_access/,4111616,100.00,,
p780_dec_esc1,zjs,75287017,,armv8_pmuv3_1/instructions/,4053936,100.00,4.77,insn per cycle
p780_dec_esc1,zjs,15794114,,armv8_pmuv3_1/cycles/,4053936,100.00,,
p780_dec_esc1,zjs,905900,,armv8_pmuv3_1/stall_frontend/,4053936,100.00,,
p780_dec_esc1,zjs,33142761,,armv8_pmuv3_1/mem_access/,4053936,100.00,,
p780_dec_esc1,qjs,89327928,,armv8_pmuv3_1/instructions/,3652080,100.00,6.28,insn per cycle
p780_dec_esc1,qjs,14235005,,armv8_pmuv3_1/cycles/,3652080,100.00,,
p780_dec_esc1,qjs,591030,,armv8_pmuv3_1/stall_frontend/,3652080,100.00,,
p780_dec_esc1,qjs,27858385,,armv8_pmuv3_1/mem_access/,3652080,100.00,,
p780_dec_esc1,qjs,89339009,,armv8_pmuv3_1/instructions/,3640336,100.00,6.30,insn per cycle
p780_dec_esc1,qjs,14189110,,armv8_pmuv3_1/cycles/,3640336,100.00,,
p780_dec_esc1,qjs,510354,,armv8_pmuv3_1/stall_frontend/,3640336,100.00,,
p780_dec_esc1,qjs,27851823,,armv8_pmuv3_1/mem_access/,3640336,100.00,,
p780_dec_esc1,zjs,75352491,,armv8_pmuv3_1/instructions/,4100064,100.00,4.72,insn per cycle
p780_dec_esc1,zjs,15976004,,armv8_pmuv3_1/cycles/,4100064,100.00,,
p780_dec_esc1,zjs,989136,,armv8_pmuv3_1/stall_frontend/,4100064,100.00,,
p780_dec_esc1,zjs,33167153,,armv8_pmuv3_1/mem_access/,4100064,100.00,,
p780_dec_esc1,zjs,75265620,,armv8_pmuv3_1/instructions/,4038560,100.00,4.78,insn per cycle
p780_dec_esc1,zjs,15742147,,armv8_pmuv3_1/cycles/,4038560,100.00,,
p780_dec_esc1,zjs,982665,,armv8_pmuv3_1/stall_frontend/,4038560,100.00,,
p780_dec_esc1,zjs,33128259,,armv8_pmuv3_1/mem_access/,4038560,100.00,,
p780_dec_esc1,qjs,89336016,,armv8_pmuv3_1/instructions/,3644304,100.00,6.29,insn per cycle
p780_dec_esc1,qjs,14204990,,armv8_pmuv3_1/cycles/,3644304,100.00,,
p780_dec_esc1,qjs,564171,,armv8_pmuv3_1/stall_frontend/,3644304,100.00,,
p780_dec_esc1,qjs,27856776,,armv8_pmuv3_1/mem_access/,3644304,100.00,,
p780_dec_esc1,qjs,89492440,,armv8_pmuv3_1/instructions/,3731488,100.00,6.15,insn per cycle
p780_dec_esc1,qjs,14540590,,armv8_pmuv3_1/cycles/,3731488,100.00,,
p780_dec_esc1,qjs,677818,,armv8_pmuv3_1/stall_frontend/,3731488,100.00,,
p780_dec_esc1,qjs,27906768,,armv8_pmuv3_1/mem_access/,3731488,100.00,,
p780_dec_esc1,zjs,75302338,,armv8_pmuv3_1/instructions/,4136560,100.00,4.67,insn per cycle
p780_dec_esc1,zjs,16118285,,armv8_pmuv3_1/cycles/,4136560,100.00,,
p780_dec_esc1,zjs,1167366,,armv8_pmuv3_1/stall_frontend/,4136560,100.00,,
p780_dec_esc1,zjs,33151583,,armv8_pmuv3_1/mem_access/,4136560,100.00,,
p780_dec_esc1,zjs,75332802,,armv8_pmuv3_1/instructions/,4031168,100.00,4.80,insn per cycle
p780_dec_esc1,zjs,15706055,,armv8_pmuv3_1/cycles/,4031168,100.00,,
p780_dec_esc1,zjs,874838,,armv8_pmuv3_1/stall_frontend/,4031168,100.00,,
p780_dec_esc1,zjs,33146095,,armv8_pmuv3_1/mem_access/,4031168,100.00,,
p780_dec_esc1,qjs,89406557,,armv8_pmuv3_1/instructions/,3706560,100.00,6.19,insn per cycle
p780_dec_esc1,qjs,14445704,,armv8_pmuv3_1/cycles/,3706560,100.00,,
p780_dec_esc1,qjs,647333,,armv8_pmuv3_1/stall_frontend/,3706560,100.00,,
p780_dec_esc1,qjs,27874068,,armv8_pmuv3_1/mem_access/,3706560,100.00,,
p780_dec_esc1_vary,qjs,95769509,,armv8_pmuv3_1/instructions/,4013216,100.00,6.12,insn per cycle
p780_dec_esc1_vary,qjs,15642241,,armv8_pmuv3_1/cycles/,4013216,100.00,,
p780_dec_esc1_vary,qjs,618848,,armv8_pmuv3_1/stall_frontend/,4013216,100.00,,
p780_dec_esc1_vary,qjs,30292919,,armv8_pmuv3_1/mem_access/,4013216,100.00,,
p780_dec_esc1_vary,zjs,95820896,,armv8_pmuv3_1/instructions/,5046432,100.00,4.87,insn per cycle
p780_dec_esc1_vary,zjs,19666150,,armv8_pmuv3_1/cycles/,5046432,100.00,,
p780_dec_esc1_vary,zjs,1207538,,armv8_pmuv3_1/stall_frontend/,5046432,100.00,,
p780_dec_esc1_vary,zjs,41707071,,armv8_pmuv3_1/mem_access/,5046432,100.00,,
p780_dec_esc1_vary,zjs,95699246,,armv8_pmuv3_1/instructions/,4948192,100.00,4.96,insn per cycle
p780_dec_esc1_vary,zjs,19283500,,armv8_pmuv3_1/cycles/,4948192,100.00,,
p780_dec_esc1_vary,zjs,1025530,,armv8_pmuv3_1/stall_frontend/,4948192,100.00,,
p780_dec_esc1_vary,zjs,41657052,,armv8_pmuv3_1/mem_access/,4948192,100.00,,
p780_dec_esc1_vary,qjs,95892791,,armv8_pmuv3_1/instructions/,4116528,100.00,5.98,insn per cycle
p780_dec_esc1_vary,qjs,16041604,,armv8_pmuv3_1/cycles/,4116528,100.00,,
p780_dec_esc1_vary,qjs,756819,,armv8_pmuv3_1/stall_frontend/,4116528,100.00,,
p780_dec_esc1_vary,qjs,30321381,,armv8_pmuv3_1/mem_access/,4116528,100.00,,
p780_dec_esc1_vary,qjs,95879089,,armv8_pmuv3_1/instructions/,4048832,100.00,6.08,insn per cycle
p780_dec_esc1_vary,qjs,15779489,,armv8_pmuv3_1/cycles/,4048832,100.00,,
p780_dec_esc1_vary,qjs,638898,,armv8_pmuv3_1/stall_frontend/,4048832,100.00,,
p780_dec_esc1_vary,qjs,30328604,,armv8_pmuv3_1/mem_access/,4048832,100.00,,
p780_dec_esc1_vary,zjs,95766364,,armv8_pmuv3_1/instructions/,5050208,100.00,4.87,insn per cycle
p780_dec_esc1_vary,zjs,19681607,,armv8_pmuv3_1/cycles/,5050208,100.00,,
p780_dec_esc1_vary,zjs,1276109,,armv8_pmuv3_1/stall_frontend/,5050208,100.00,,
p780_dec_esc1_vary,zjs,41687757,,armv8_pmuv3_1/mem_access/,5050208,100.00,,
p780_dec_esc1_vary,zjs,95845728,,armv8_pmuv3_1/instructions/,4984832,100.00,4.93,insn per cycle
p780_dec_esc1_vary,zjs,19427881,,armv8_pmuv3_1/cycles/,4984832,100.00,,
p780_dec_esc1_vary,zjs,1015580,,armv8_pmuv3_1/stall_frontend/,4984832,100.00,,
p780_dec_esc1_vary,zjs,41715689,,armv8_pmuv3_1/mem_access/,4984832,100.00,,
p780_dec_esc1_vary,qjs,95774840,,armv8_pmuv3_1/instructions/,4003760,100.00,6.14,insn per cycle
p780_dec_esc1_vary,qjs,15607076,,armv8_pmuv3_1/cycles/,4003760,100.00,,
p780_dec_esc1_vary,qjs,679166,,armv8_pmuv3_1/stall_frontend/,4003760,100.00,,
p780_dec_esc1_vary,qjs,30290114,,armv8_pmuv3_1/mem_access/,4003760,100.00,,
p780_dec_esc1_vary,qjs,95884693,,armv8_pmuv3_1/instructions/,4075680,100.00,6.04,insn per cycle
p780_dec_esc1_vary,qjs,15881339,,armv8_pmuv3_1/cycles/,4075680,100.00,,
p780_dec_esc1_vary,qjs,745630,,armv8_pmuv3_1/stall_frontend/,4075680,100.00,,
p780_dec_esc1_vary,qjs,30321543,,armv8_pmuv3_1/mem_access/,4075680,100.00,,
p780_dec_esc1_vary,zjs,95736496,,armv8_pmuv3_1/instructions/,4971168,100.00,4.94,insn per cycle
p780_dec_esc1_vary,zjs,19380437,,armv8_pmuv3_1/cycles/,4971168,100.00,,
p780_dec_esc1_vary,zjs,1059682,,armv8_pmuv3_1/stall_frontend/,4971168,100.00,,
p780_dec_esc1_vary,zjs,41685602,,armv8_pmuv3_1/mem_access/,4971168,100.00,,
p780_dec_esc1_vary,zjs,95730479,,armv8_pmuv3_1/instructions/,4973760,100.00,4.94,insn per cycle
p780_dec_esc1_vary,zjs,19382040,,armv8_pmuv3_1/cycles/,4973760,100.00,,
p780_dec_esc1_vary,zjs,1009704,,armv8_pmuv3_1/stall_frontend/,4973760,100.00,,
p780_dec_esc1_vary,zjs,41675049,,armv8_pmuv3_1/mem_access/,4973760,100.00,,
p780_dec_esc1_vary,qjs,95760055,,armv8_pmuv3_1/instructions/,4020784,100.00,6.11,insn per cycle
p780_dec_esc1_vary,qjs,15672301,,armv8_pmuv3_1/cycles/,4020784,100.00,,
p780_dec_esc1_vary,qjs,673285,,armv8_pmuv3_1/stall_frontend/,4020784,100.00,,
p780_dec_esc1_vary,qjs,30295913,,armv8_pmuv3_1/mem_access/,4020784,100.00,,
p780_dec_esc1_vary,qjs,95860548,,armv8_pmuv3_1/instructions/,4044496,100.00,6.08,insn per cycle
p780_dec_esc1_vary,qjs,15758724,,armv8_pmuv3_1/cycles/,4044496,100.00,,
p780_dec_esc1_vary,qjs,656126,,armv8_pmuv3_1/stall_frontend/,4044496,100.00,,
p780_dec_esc1_vary,qjs,30328243,,armv8_pmuv3_1/mem_access/,4044496,100.00,,
p780_dec_esc1_vary,zjs,95705206,,armv8_pmuv3_1/instructions/,4991536,100.00,4.92,insn per cycle
p780_dec_esc1_vary,zjs,19449282,,armv8_pmuv3_1/cycles/,4991536,100.00,,
p780_dec_esc1_vary,zjs,1211327,,armv8_pmuv3_1/stall_frontend/,4991536,100.00,,
p780_dec_esc1_vary,zjs,41665924,,armv8_pmuv3_1/mem_access/,4991536,100.00,,
p780_dec_esc1_vary,zjs,95788002,,armv8_pmuv3_1/instructions/,4971296,100.00,4.94,insn per cycle
p780_dec_esc1_vary,zjs,19373321,,armv8_pmuv3_1/cycles/,4971296,100.00,,
p780_dec_esc1_vary,zjs,963717,,armv8_pmuv3_1/stall_frontend/,4971296,100.00,,
p780_dec_esc1_vary,zjs,41700665,,armv8_pmuv3_1/mem_access/,4971296,100.00,,
p780_dec_esc1_vary,qjs,95799519,,armv8_pmuv3_1/instructions/,4065248,100.00,6.05,insn per cycle
p780_dec_esc1_vary,qjs,15829082,,armv8_pmuv3_1/cycles/,4065248,100.00,,
p780_dec_esc1_vary,qjs,711521,,armv8_pmuv3_1/stall_frontend/,4065248,100.00,,
p780_dec_esc1_vary,qjs,30295839,,armv8_pmuv3_1/mem_access/,4065248,100.00,,
p780_dec_3b1,qjs,91758776,,armv8_pmuv3_1/instructions/,3714688,100.00,6.34,insn per cycle
p780_dec_3b1,qjs,14471256,,armv8_pmuv3_1/cycles/,3714688,100.00,,
p780_dec_3b1,qjs,558774,,armv8_pmuv3_1/stall_frontend/,3714688,100.00,,
p780_dec_3b1,qjs,28371485,,armv8_pmuv3_1/mem_access/,3714688,100.00,,
p780_dec_3b1,zjs,113740868,,armv8_pmuv3_1/instructions/,7433328,100.00,3.93,insn per cycle
p780_dec_3b1,zjs,28974039,,armv8_pmuv3_1/cycles/,7433328,100.00,,
p780_dec_3b1,zjs,1105727,,armv8_pmuv3_1/stall_frontend/,7433328,100.00,,
p780_dec_3b1,zjs,44124525,,armv8_pmuv3_1/mem_access/,7433328,100.00,,
p780_dec_3b1,zjs,113552632,,armv8_pmuv3_1/instructions/,6122096,100.00,4.76,insn per cycle
p780_dec_3b1,zjs,23867069,,armv8_pmuv3_1/cycles/,6122096,100.00,,
p780_dec_3b1,zjs,898412,,armv8_pmuv3_1/stall_frontend/,6122096,100.00,,
p780_dec_3b1,zjs,43889636,,armv8_pmuv3_1/mem_access/,6122096,100.00,,
p780_dec_3b1,qjs,91763814,,armv8_pmuv3_1/instructions/,3755520,100.00,6.27,insn per cycle
p780_dec_3b1,qjs,14635567,,armv8_pmuv3_1/cycles/,3755520,100.00,,
p780_dec_3b1,qjs,627318,,armv8_pmuv3_1/stall_frontend/,3755520,100.00,,
p780_dec_3b1,qjs,28376883,,armv8_pmuv3_1/mem_access/,3755520,100.00,,
p780_dec_3b1,qjs,91758336,,armv8_pmuv3_1/instructions/,3726320,100.00,6.32,insn per cycle
p780_dec_3b1,qjs,14524544,,armv8_pmuv3_1/cycles/,3726320,100.00,,
p780_dec_3b1,qjs,502651,,armv8_pmuv3_1/stall_frontend/,3726320,100.00,,
p780_dec_3b1,qjs,28374011,,armv8_pmuv3_1/mem_access/,3726320,100.00,,
p780_dec_3b1,zjs,113734836,,armv8_pmuv3_1/instructions/,6217024,100.00,4.69,insn per cycle
p780_dec_3b1,zjs,24229697,,armv8_pmuv3_1/cycles/,6217024,100.00,,
p780_dec_3b1,zjs,1127380,,armv8_pmuv3_1/stall_frontend/,6217024,100.00,,
p780_dec_3b1,zjs,43946306,,armv8_pmuv3_1/mem_access/,6217024,100.00,,
p780_dec_3b1,zjs,113720955,,armv8_pmuv3_1/instructions/,6194528,100.00,4.71,insn per cycle
p780_dec_3b1,zjs,24143023,,armv8_pmuv3_1/cycles/,6194528,100.00,,
p780_dec_3b1,zjs,1067522,,armv8_pmuv3_1/stall_frontend/,6194528,100.00,,
p780_dec_3b1,zjs,43939112,,armv8_pmuv3_1/mem_access/,6194528,100.00,,
p780_dec_3b1,qjs,91854791,,armv8_pmuv3_1/instructions/,3784192,100.00,6.23,insn per cycle
p780_dec_3b1,qjs,14744059,,armv8_pmuv3_1/cycles/,3784192,100.00,,
p780_dec_3b1,qjs,635682,,armv8_pmuv3_1/stall_frontend/,3784192,100.00,,
p780_dec_3b1,qjs,28404599,,armv8_pmuv3_1/mem_access/,3784192,100.00,,
p780_dec_3b1,qjs,91898917,,armv8_pmuv3_1/instructions/,3755840,100.00,6.28,insn per cycle
p780_dec_3b1,qjs,14633976,,armv8_pmuv3_1/cycles/,3755840,100.00,,
p780_dec_3b1,qjs,594586,,armv8_pmuv3_1/stall_frontend/,3755840,100.00,,
p780_dec_3b1,qjs,28417184,,armv8_pmuv3_1/mem_access/,3755840,100.00,,
p780_dec_3b1,zjs,113553883,,armv8_pmuv3_1/instructions/,6222848,100.00,4.68,insn per cycle
p780_dec_3b1,zjs,24260321,,armv8_pmuv3_1/cycles/,6222848,100.00,,
p780_dec_3b1,zjs,919103,,armv8_pmuv3_1/stall_frontend/,6222848,100.00,,
p780_dec_3b1,zjs,43904331,,armv8_pmuv3_1/mem_access/,6222848,100.00,,
p780_dec_3b1,zjs,113553111,,armv8_pmuv3_1/instructions/,6121248,100.00,4.76,insn per cycle
p780_dec_3b1,zjs,23863658,,armv8_pmuv3_1/cycles/,6121248,100.00,,
p780_dec_3b1,zjs,908294,,armv8_pmuv3_1/stall_frontend/,6121248,100.00,,
p780_dec_3b1,zjs,43889851,,armv8_pmuv3_1/mem_access/,6121248,100.00,,
p780_dec_3b1,qjs,91760449,,armv8_pmuv3_1/instructions/,3738368,100.00,6.30,insn per cycle
p780_dec_3b1,qjs,14571304,,armv8_pmuv3_1/cycles/,3738368,100.00,,
p780_dec_3b1,qjs,617087,,armv8_pmuv3_1/stall_frontend/,3738368,100.00,,
p780_dec_3b1,qjs,28370683,,armv8_pmuv3_1/mem_access/,3738368,100.00,,
p780_dec_3b1,qjs,91766183,,armv8_pmuv3_1/instructions/,3769552,100.00,6.25,insn per cycle
p780_dec_3b1,qjs,14688026,,armv8_pmuv3_1/cycles/,3769552,100.00,,
p780_dec_3b1,qjs,590576,,armv8_pmuv3_1/stall_frontend/,3769552,100.00,,
p780_dec_3b1,qjs,28373429,,armv8_pmuv3_1/mem_access/,3769552,100.00,,
p780_dec_3b1,zjs,113708140,,armv8_pmuv3_1/instructions/,6257200,100.00,4.66,insn per cycle
p780_dec_3b1,zjs,24387486,,armv8_pmuv3_1/cycles/,6257200,100.00,,
p780_dec_3b1,zjs,1156543,,armv8_pmuv3_1/stall_frontend/,6257200,100.00,,
p780_dec_3b1,zjs,43946824,,armv8_pmuv3_1/mem_access/,6257200,100.00,,
p780_dec_3b1,zjs,113589390,,armv8_pmuv3_1/instructions/,6187872,100.00,4.71,insn per cycle
p780_dec_3b1,zjs,24116923,,armv8_pmuv3_1/cycles/,6187872,100.00,,
p780_dec_3b1,zjs,1126916,,armv8_pmuv3_1/stall_frontend/,6187872,100.00,,
p780_dec_3b1,zjs,43897350,,armv8_pmuv3_1/mem_access/,6187872,100.00,,
p780_dec_3b1,qjs,91782571,,armv8_pmuv3_1/instructions/,3785328,100.00,6.22,insn per cycle
p780_dec_3b1,qjs,14751905,,armv8_pmuv3_1/cycles/,3785328,100.00,,
p780_dec_3b1,qjs,740108,,armv8_pmuv3_1/stall_frontend/,3785328,100.00,,
p780_dec_3b1,qjs,28382065,,armv8_pmuv3_1/mem_access/,3785328,100.00,,
p780_dec_base,qjs,25203552,,armv8_pmuv3_1/instructions/,1392144,100.00,4.65,insn per cycle
p780_dec_base,qjs,5420092,,armv8_pmuv3_1/cycles/,1392144,100.00,,
p780_dec_base,qjs,556989,,armv8_pmuv3_1/stall_frontend/,1392144,100.00,,
p780_dec_base,qjs,9168846,,armv8_pmuv3_1/mem_access/,1392144,100.00,,
p780_dec_base,zjs,27540094,,armv8_pmuv3_1/instructions/,1781440,100.00,3.97,insn per cycle
p780_dec_base,zjs,6934029,,armv8_pmuv3_1/cycles/,1781440,100.00,,
p780_dec_base,zjs,1052689,,armv8_pmuv3_1/stall_frontend/,1781440,100.00,,
p780_dec_base,zjs,12577570,,armv8_pmuv3_1/mem_access/,1781440,100.00,,
p780_dec_base,zjs,27366323,,armv8_pmuv3_1/instructions/,1685312,100.00,4.17,insn per cycle
p780_dec_base,zjs,6563952,,armv8_pmuv3_1/cycles/,1685312,100.00,,
p780_dec_base,zjs,789589,,armv8_pmuv3_1/stall_frontend/,1685312,100.00,,
p780_dec_base,zjs,12507140,,armv8_pmuv3_1/mem_access/,1685312,100.00,,
p780_dec_base,qjs,25203636,,armv8_pmuv3_1/instructions/,1399744,100.00,4.62,insn per cycle
p780_dec_base,qjs,5451269,,armv8_pmuv3_1/cycles/,1399744,100.00,,
p780_dec_base,qjs,615820,,armv8_pmuv3_1/stall_frontend/,1399744,100.00,,
p780_dec_base,qjs,9169995,,armv8_pmuv3_1/mem_access/,1399744,100.00,,
p780_dec_base,qjs,25202538,,armv8_pmuv3_1/instructions/,1361120,100.00,4.76,insn per cycle
p780_dec_base,qjs,5300217,,armv8_pmuv3_1/cycles/,1361120,100.00,,
p780_dec_base,qjs,500003,,armv8_pmuv3_1/stall_frontend/,1361120,100.00,,
p780_dec_base,qjs,9170128,,armv8_pmuv3_1/mem_access/,1361120,100.00,,
p780_dec_base,zjs,27380809,,armv8_pmuv3_1/instructions/,1738592,100.00,4.04,insn per cycle
p780_dec_base,zjs,6773200,,armv8_pmuv3_1/cycles/,1738592,100.00,,
p780_dec_base,zjs,889904,,armv8_pmuv3_1/stall_frontend/,1738592,100.00,,
p780_dec_base,zjs,12523259,,armv8_pmuv3_1/mem_access/,1738592,100.00,,
p780_dec_base,zjs,27372451,,armv8_pmuv3_1/instructions/,1730112,100.00,4.06,insn per cycle
p780_dec_base,zjs,6737692,,armv8_pmuv3_1/cycles/,1730112,100.00,,
p780_dec_base,zjs,887136,,armv8_pmuv3_1/stall_frontend/,1730112,100.00,,
p780_dec_base,zjs,12525572,,armv8_pmuv3_1/mem_access/,1730112,100.00,,
p780_dec_base,qjs,25197451,,armv8_pmuv3_1/instructions/,1370752,100.00,4.72,insn per cycle
p780_dec_base,qjs,5336076,,armv8_pmuv3_1/cycles/,1370752,100.00,,
p780_dec_base,qjs,503623,,armv8_pmuv3_1/stall_frontend/,1370752,100.00,,
p780_dec_base,qjs,9166186,,armv8_pmuv3_1/mem_access/,1370752,100.00,,
p780_dec_base,qjs,25199510,,armv8_pmuv3_1/instructions/,1354496,100.00,4.78,insn per cycle
p780_dec_base,qjs,5274768,,armv8_pmuv3_1/cycles/,1354496,100.00,,
p780_dec_base,qjs,495000,,armv8_pmuv3_1/stall_frontend/,1354496,100.00,,
p780_dec_base,qjs,9162555,,armv8_pmuv3_1/mem_access/,1354496,100.00,,
p780_dec_base,zjs,27398889,,armv8_pmuv3_1/instructions/,1790592,100.00,3.93,insn per cycle
p780_dec_base,zjs,6969570,,armv8_pmuv3_1/cycles/,1790592,100.00,,
p780_dec_base,zjs,956218,,armv8_pmuv3_1/stall_frontend/,1790592,100.00,,
p780_dec_base,zjs,12539657,,armv8_pmuv3_1/mem_access/,1790592,100.00,,
p780_dec_base,zjs,27456668,,armv8_pmuv3_1/instructions/,1754544,100.00,4.02,insn per cycle
p780_dec_base,zjs,6829016,,armv8_pmuv3_1/cycles/,1754544,100.00,,
p780_dec_base,zjs,870410,,armv8_pmuv3_1/stall_frontend/,1754544,100.00,,
p780_dec_base,zjs,12550517,,armv8_pmuv3_1/mem_access/,1754544,100.00,,
p780_dec_base,qjs,25250534,,armv8_pmuv3_1/instructions/,1421312,100.00,4.57,insn per cycle
p780_dec_base,qjs,5530119,,armv8_pmuv3_1/cycles/,1421312,100.00,,
p780_dec_base,qjs,637227,,armv8_pmuv3_1/stall_frontend/,1421312,100.00,,
p780_dec_base,qjs,9190295,,armv8_pmuv3_1/mem_access/,1421312,100.00,,
p780_dec_base,qjs,25200822,,armv8_pmuv3_1/instructions/,1389136,100.00,4.66,insn per cycle
p780_dec_base,qjs,5410320,,armv8_pmuv3_1/cycles/,1389136,100.00,,
p780_dec_base,qjs,605883,,armv8_pmuv3_1/stall_frontend/,1389136,100.00,,
p780_dec_base,qjs,9173131,,armv8_pmuv3_1/mem_access/,1389136,100.00,,
p780_dec_base,zjs,27379196,,armv8_pmuv3_1/instructions/,1695312,100.00,4.15,insn per cycle
p780_dec_base,zjs,6602679,,armv8_pmuv3_1/cycles/,1695312,100.00,,
p780_dec_base,zjs,876653,,armv8_pmuv3_1/stall_frontend/,1695312,100.00,,
p780_dec_base,zjs,12527002,,armv8_pmuv3_1/mem_access/,1695312,100.00,,
p780_dec_base,zjs,27383908,,armv8_pmuv3_1/instructions/,1717984,100.00,4.09,insn per cycle
p780_dec_base,zjs,6691044,,armv8_pmuv3_1/cycles/,1717984,100.00,,
p780_dec_base,zjs,828853,,armv8_pmuv3_1/stall_frontend/,1717984,100.00,,
p780_dec_base,zjs,12515144,,armv8_pmuv3_1/mem_access/,1717984,100.00,,
p780_dec_base,qjs,25208663,,armv8_pmuv3_1/instructions/,1397088,100.00,4.63,insn per cycle
p780_dec_base,qjs,5439927,,armv8_pmuv3_1/cycles/,1397088,100.00,,
p780_dec_base,qjs,574657,,armv8_pmuv3_1/stall_frontend/,1397088,100.00,,
p780_dec_base,qjs,9177013,,armv8_pmuv3_1/mem_access/,1397088,100.00,,
p780_dec_vary_base,qjs,31465888,,armv8_pmuv3_1/instructions/,1745264,100.00,4.63,insn per cycle
p780_dec_vary_base,qjs,6798237,,armv8_pmuv3_1/cycles/,1745264,100.00,,
p780_dec_vary_base,qjs,574211,,armv8_pmuv3_1/stall_frontend/,1745264,100.00,,
p780_dec_vary_base,qjs,11583017,,armv8_pmuv3_1/mem_access/,1745264,100.00,,
p780_dec_vary_base,zjs,34054882,,armv8_pmuv3_1/instructions/,2194880,100.00,3.98,insn per cycle
p780_dec_vary_base,zjs,8546299,,armv8_pmuv3_1/cycles/,2194880,100.00,,
p780_dec_vary_base,zjs,1200827,,armv8_pmuv3_1/stall_frontend/,2194880,100.00,,
p780_dec_vary_base,zjs,15833475,,armv8_pmuv3_1/mem_access/,2194880,100.00,,
p780_dec_vary_base,zjs,33973511,,armv8_pmuv3_1/instructions/,2123632,100.00,4.11,insn per cycle
p780_dec_vary_base,zjs,8274523,,armv8_pmuv3_1/cycles/,2123632,100.00,,
p780_dec_vary_base,zjs,964929,,armv8_pmuv3_1/stall_frontend/,2123632,100.00,,
p780_dec_vary_base,zjs,15814062,,armv8_pmuv3_1/mem_access/,2123632,100.00,,
p780_dec_vary_base,qjs,31471020,,armv8_pmuv3_1/instructions/,1753536,100.00,4.61,insn per cycle
p780_dec_vary_base,qjs,6830663,,armv8_pmuv3_1/cycles/,1753536,100.00,,
p780_dec_vary_base,qjs,612709,,armv8_pmuv3_1/stall_frontend/,1753536,100.00,,
p780_dec_vary_base,qjs,11575760,,armv8_pmuv3_1/mem_access/,1753536,100.00,,
p780_dec_vary_base,qjs,31491790,,armv8_pmuv3_1/instructions/,1757744,100.00,4.60,insn per cycle
p780_dec_vary_base,qjs,6846529,,armv8_pmuv3_1/cycles/,1757744,100.00,,
p780_dec_vary_base,qjs,601339,,armv8_pmuv3_1/stall_frontend/,1757744,100.00,,
p780_dec_vary_base,qjs,11579291,,armv8_pmuv3_1/mem_access/,1757744,100.00,,
p780_dec_vary_base,zjs,34108926,,armv8_pmuv3_1/instructions/,2199568,100.00,3.98,insn per cycle
p780_dec_vary_base,zjs,8564243,,armv8_pmuv3_1/cycles/,2199568,100.00,,
p780_dec_vary_base,zjs,1072090,,armv8_pmuv3_1/stall_frontend/,2199568,100.00,,
p780_dec_vary_base,zjs,15864021,,armv8_pmuv3_1/mem_access/,2199568,100.00,,
p780_dec_vary_base,zjs,33974183,,armv8_pmuv3_1/instructions/,2161216,100.00,4.03,insn per cycle
p780_dec_vary_base,zjs,8420784,,armv8_pmuv3_1/cycles/,2161216,100.00,,
p780_dec_vary_base,zjs,1136593,,armv8_pmuv3_1/stall_frontend/,2161216,100.00,,
p780_dec_vary_base,zjs,15813946,,armv8_pmuv3_1/mem_access/,2161216,100.00,,
p780_dec_vary_base,qjs,31564787,,armv8_pmuv3_1/instructions/,1809440,100.00,4.48,insn per cycle
p780_dec_vary_base,qjs,7044633,,armv8_pmuv3_1/cycles/,1809440,100.00,,
p780_dec_vary_base,qjs,666354,,armv8_pmuv3_1/stall_frontend/,1809440,100.00,,
p780_dec_vary_base,qjs,11608804,,armv8_pmuv3_1/mem_access/,1809440,100.00,,
p780_dec_vary_base,qjs,31470977,,armv8_pmuv3_1/instructions/,1733456,100.00,4.66,insn per cycle
p780_dec_vary_base,qjs,6753638,,armv8_pmuv3_1/cycles/,1733456,100.00,,
p780_dec_vary_base,qjs,542433,,armv8_pmuv3_1/stall_frontend/,1733456,100.00,,
p780_dec_vary_base,qjs,11579215,,armv8_pmuv3_1/mem_access/,1733456,100.00,,
p780_dec_vary_base,zjs,34071523,,armv8_pmuv3_1/instructions/,2237888,100.00,3.91,insn per cycle
p780_dec_vary_base,zjs,8714750,,armv8_pmuv3_1/cycles/,2237888,100.00,,
p780_dec_vary_base,zjs,1283210,,armv8_pmuv3_1/stall_frontend/,2237888,100.00,,
p780_dec_vary_base,zjs,15852117,,armv8_pmuv3_1/mem_access/,2237888,100.00,,
p780_dec_vary_base,zjs,33977813,,armv8_pmuv3_1/instructions/,2145968,100.00,4.06,insn per cycle
p780_dec_vary_base,zjs,8361186,,armv8_pmuv3_1/cycles/,2145968,100.00,,
p780_dec_vary_base,zjs,1115075,,armv8_pmuv3_1/stall_frontend/,2145968,100.00,,
p780_dec_vary_base,zjs,15802783,,armv8_pmuv3_1/mem_access/,2145968,100.00,,
p780_dec_vary_base,qjs,31467252,,armv8_pmuv3_1/instructions/,1755616,100.00,4.60,insn per cycle
p780_dec_vary_base,qjs,6838379,,armv8_pmuv3_1/cycles/,1755616,100.00,,
p780_dec_vary_base,qjs,548025,,armv8_pmuv3_1/stall_frontend/,1755616,100.00,,
p780_dec_vary_base,qjs,11582431,,armv8_pmuv3_1/mem_access/,1755616,100.00,,
p780_dec_vary_base,qjs,31489414,,armv8_pmuv3_1/instructions/,1755376,100.00,4.61,insn per cycle
p780_dec_vary_base,qjs,6829466,,armv8_pmuv3_1/cycles/,1755376,100.00,,
p780_dec_vary_base,qjs,604282,,armv8_pmuv3_1/stall_frontend/,1755376,100.00,,
p780_dec_vary_base,qjs,11592060,,armv8_pmuv3_1/mem_access/,1755376,100.00,,
p780_dec_vary_base,zjs,33987614,,armv8_pmuv3_1/instructions/,2133248,100.00,4.09,insn per cycle
p780_dec_vary_base,zjs,8312612,,armv8_pmuv3_1/cycles/,2133248,100.00,,
p780_dec_vary_base,zjs,1029689,,armv8_pmuv3_1/stall_frontend/,2133248,100.00,,
p780_dec_vary_base,zjs,15816309,,armv8_pmuv3_1/mem_access/,2133248,100.00,,
p780_dec_vary_base,zjs,33971871,,armv8_pmuv3_1/instructions/,2104240,100.00,4.14,insn per cycle
p780_dec_vary_base,zjs,8198209,,armv8_pmuv3_1/cycles/,2104240,100.00,,
p780_dec_vary_base,zjs,990069,,armv8_pmuv3_1/stall_frontend/,2104240,100.00,,
p780_dec_vary_base,zjs,15806986,,armv8_pmuv3_1/mem_access/,2104240,100.00,,
p780_dec_vary_base,qjs,31500782,,armv8_pmuv3_1/instructions/,1758320,100.00,4.60,insn per cycle
p780_dec_vary_base,qjs,6849454,,armv8_pmuv3_1/cycles/,1758320,100.00,,
p780_dec_vary_base,qjs,634268,,armv8_pmuv3_1/stall_frontend/,1758320,100.00,,
p780_dec_vary_base,qjs,11591169,,armv8_pmuv3_1/mem_access/,1758320,100.00,,
